"PO #","Kit Number","Shipping Warehouse","Vendor","Qty. Delivered","Total Wholesale Price","Total Unit Price","Vat tax","Status","Amount Invoiced",
"PO-2537","17313","Mahadevpura Inventory Warehouse","Old Stock","2","180","220","0","Received","180",
"PO-2538","17388","Mahadevpura Inventory Warehouse","Old Stock","2","180","220","0","Received","180",
"PO-2540","17388","Mahadevpura Inventory Warehouse","Old Stock","1","69","82","0","Received","69",
"PO-2541","16858","Mahadevpura Inventory Warehouse","Old Stock","1","69","82","0","Received","69",
"PO-2542","null","Mahadevpura Inventory Warehouse","Old Stock","300","17500","31000","0","Received","17500",
"PO-2543","17258","HSR Inventory Warehouse","RAMDEV AUTOMOBILES","3","390","436","0","Received","390",
"PO-2544","17258","HSR Inventory Warehouse","Old Stock","1","59","82","0","Received","59",
"PO-2545","17395","HSR Inventory Warehouse","RAMDEV AUTOMOBILES","1","195","215","0","Received","195",
"PO-2546","17395","HSR Inventory Warehouse","Old Stock","1","125","145","0","Received","125",
"PO-2547","17181","Mahadevpura Inventory Warehouse","Old Stock","2","259","297","0","Received","259",
"PO-2548","17311","HSR Inventory Warehouse","Old Stock","1","67","98","0","Received","67",
"PO-2549","17366","Mahadevpura Inventory Warehouse","Mahalaxmi Automobiles","1","490","589","0","Received","490",
"PO-2550","17365","Mahadevpura Inventory Warehouse","Old Stock","0","0","0","0","Open","0",
"PO-2551","17430","Hyderabad Inventory Warehouse","Royal AutoMobile","3","284","321","0","Received","284",
"PO-2552","17286","HSR Inventory Warehouse","RAMDEV AUTOMOBILES","1","60","82","0","Received","60",
"PO-2553","17431","HSR Inventory Warehouse","RAMDEV AUTOMOBILES","1","50","58","0","Received","50",
"PO-2554","17367","HSR Inventory Warehouse","RAMDEV AUTOMOBILES","1","170","189","0","Received","170",
"PO-2555","17237","Mahadevpura Inventory Warehouse","Old Stock","4","459","546","0","Received","459",
"PO-2556","17323","HSR Inventory Warehouse","Old Stock","1","59","82","0","Received","59",
"PO-2557","17391","Mahadevpura Inventory Warehouse","Old Stock","2","274","317","0","Received","274",
"PO-2558","17122","Mahadevpura Inventory Warehouse","Local","1","45","50","0","Received","45",
"PO-2559","17392","HSR Inventory Warehouse","RAMDEV AUTOMOBILES","1","30","35","0","Received","30",
"PO-2560","17313","Mahadevpura Inventory Warehouse","Mahalaxmi Automobiles","1","1550","1851","0","Received","1550",
"PO-2561","17409","HSR Inventory Warehouse","RAMDEV AUTOMOBILES","3","375","556","0","Received","375",
"PO-2562","17329","Mahadevpura Inventory Warehouse","Old Stock","2","179","227","0","Received","179",
"PO-2563","17340","Mahadevpura Inventory Warehouse","Mahalaxmi Automobiles","3","395","436","0","Received","395",
"PO-2564","17387","HSR Inventory Warehouse","RAMDEV AUTOMOBILES","2","1450","1892","0","Received","1450",
"PO-2565","17372","Mahadevpura Inventory Warehouse","Old Stock","1","69","82","0","Received","69",
"PO-2566","17361","Mahadevpura Inventory Warehouse","Old Stock","2","99","117","0","Received","99",
"PO-2567","17387","HSR Inventory Warehouse","Dummy","1","60","60","0","Received","60",
"PO-2568","17390","HSR Inventory Warehouse","Old Stock","3","369","459","0","Received","369",
"PO-2569","17384","Mahadevpura Inventory Warehouse","Old Stock","1","69","82","0","Received","69",
"PO-2570","17107","Mahadevpura Inventory Warehouse","Old Stock","1","69","82","0","Received","69",
"PO-2571","17223","HSR Inventory Warehouse","Dummy","1","50","50","0","Received","50",
"PO-2572","17374","Mahadevpura Inventory Warehouse","Old Stock","2","179","214","0","Received","179",
"PO-2573","17240","Mahadevpura Inventory Warehouse","Old Stock","2","99","117","0","Received","99",
"PO-2574","17413","HSR Inventory Warehouse","Old Stock","2","101","145","0","Received","101",
"PO-2575","17284","Mahadevpura Inventory Warehouse","Local","1","30","68","0","Received","30",
"PO-2576","17434","Mahadevpura Inventory Warehouse","Mahalaxmi Automobiles","5","250","315","0","Received","250",
"PO-2577","17434","Mahadevpura Inventory Warehouse","Old Stock","3","270","321","0","Received","270",
"PO-2578","17422","HSR Inventory Warehouse","Old Stock","2","310","360","0","Received","310",
"PO-2579","17382","Mahadevpura Inventory Warehouse","Bajaji","1","69","82","0","Received","69",
"PO-2580","17421","HSR Inventory Warehouse","Old Stock","1","63","98","0","Received","63",
"PO-2581","17290","Mahadevpura Inventory Warehouse","Mahalaxmi Automobiles","1","140","168","0","Received","140",
"PO-2582","17393","Mahadevpura Inventory Warehouse","Old Stock","3","240","321","0","Received","240",
"PO-2583","17378","HSR Inventory Warehouse","RAMDEV AUTOMOBILES","3","250","336","0","Received","250",
"PO-2585","17427","Mahadevpura Inventory Warehouse","Old Stock","1","170","199","0","Received","170",
"PO-2586","17427","Mahadevpura Inventory Warehouse","Old Stock","1","69","82","0","Received","69",
"PO-2587","17416","Mahadevpura Inventory Warehouse","Old Stock","1","69","82","0","Received","69",
"PO-2588","17392","HSR Inventory Warehouse","RAMDEV AUTOMOBILES","2","360","401","0","Received","360",
"PO-2589","17416","Mahadevpura Inventory Warehouse","Old Stock","1","30","38","0","Received","30",
"PO-2590","17418","Mahadevpura Inventory Warehouse","Old Stock","1","69","82","0","Received","69",
"PO-2591","17413","HSR Inventory Warehouse","RAMDEV AUTOMOBILES","1","180","250","0","Received","180",
"PO-2592","17176","Mahadevpura Inventory Warehouse","Bajaji","1","227","260","33","Received","260",
"PO-2593","17176","Mahadevpura Inventory Warehouse","Old Stock","1","155","179","0","Received","155",
"PO-2594","17380","Mahadevpura Inventory Warehouse","Old Stock","1","69","82","0","Received","69",
"PO-2595","17436","HSR Inventory Warehouse","RAMDEV AUTOMOBILES","1","55","63","0","Received","55",
"PO-2596","17339","Hyderabad Inventory Warehouse","Old Stock","5","617","694","0","Received","617",
"PO-2597","17339","Hyderabad Inventory Warehouse","Royal AutoMobile","1","65","82","0","Received","65",
"PO-2598","17442","Mahadevpura Inventory Warehouse","Old Stock","3","289","337","0","Received","289",
"PO-2599","17442","Mahadevpura Inventory Warehouse","Old Stock","1","30","38","0","Received","30",
"PO-2600","17420","HSR Inventory Warehouse","RAMDEV AUTOMOBILES","2","200","260","0","Received","200",
"PO-2601","17420","HSR Inventory Warehouse","Old Stock","1","85","100","0","Received","85",
"PO-2602","17339","Hyderabad Inventory Warehouse","Old Stock","1","163","175","0","Received","163",
"PO-2603","17420","HSR Inventory Warehouse","Old Stock","4","390","535","0","Received","390",
"PO-2604","17258","Jayanagar Warehouse","RAMDEV AUTOMOBILES","1","150","306","0","Received","150",
"PO-2605","17396","HSR Inventory Warehouse","Old Stock","6","525","651","0","Received","525",
"PO-2606","17462","HSR Inventory Warehouse","Old Stock","1","59","82","0","Received","59",
"PO-2607","17326","Mahadevpura Inventory Warehouse","Old Stock","4","290","413","0","Received","290",
"PO-2608","17326","Mahadevpura Inventory Warehouse","Mahalaxmi Automobiles","3","218","269","0","Received","218",
"PO-2609","17202","Mahadevpura Inventory Warehouse","Old Stock","1","69","82","0","Received","69",
"PO-2610","17229","HSR Inventory Warehouse","Old Stock","5","766","940","0","Received","766",
"PO-2611","17399","Mahadevpura Inventory Warehouse","Old Stock","1","69","82","0","Received","69",
"PO-2612","17466","Mahadevpura Inventory Warehouse","Local","1","250","250","0","Received","250",
"PO-2613","17428","Mahadevpura Inventory Warehouse","Mahalaxmi Automobiles","4","665","769","0","Received","665",
"PO-2614","17406","HSR Inventory Warehouse","Old Stock","2","160","209","0","Received","160",
"PO-2615","17457","Mahadevpura Inventory Warehouse","Old Stock","2","209","251","0","Received","209",
"PO-2616","17457","Mahadevpura Inventory Warehouse","Old Stock","1","30","38","0","Received","30",
"PO-2617","17459","HSR Inventory Warehouse","RAMDEV AUTOMOBILES","5","1615","1842","0","Received","1615",
"PO-2618","17408","Mahadevpura Inventory Warehouse","Mahalaxmi Automobiles","1","320","358","0","Received","320",
"PO-2619","17453","Mahadevpura Inventory Warehouse","Mahalaxmi Automobiles","2","1619","1933","0","Received","1619",
"PO-2620","17251","Mahadevpura Inventory Warehouse","Old Stock","2","819","952","0","Received","819",
"PO-2621","17465","HSR Inventory Warehouse","Old Stock","3","596","742","0","Received","596",
"PO-2622","17365","Mahadevpura Inventory Warehouse","Old Stock","2","79","100","0","Received","79",
"PO-2623","17414","Mahadevpura Inventory Warehouse","Old Stock","4","1669","1771","0","Received","1669",
"PO-2624","17471","HSR Inventory Warehouse","Old Stock","1","149","169","0","Received","149",
"PO-2625","17477","HSR Inventory Warehouse","Old Stock","2","225","273","0","Received","225",
"PO-2626","17276","Mahadevpura Inventory Warehouse","Old Stock","1","69","82","0","Received","69",
"PO-2627","17479","HSR Inventory Warehouse","Old Stock","2","195","245","0","Received","195",
"PO-2628","17449","Mahadevpura Inventory Warehouse","Old Stock","1","140","168","0","Received","140",
"PO-2629","17470","HSR Inventory Warehouse","RAMDEV AUTOMOBILES","1","2000","2216","0","Received","2000",
"PO-2630","17470","HSR Inventory Warehouse","Old Stock","5","394","534","0","Received","394",
"PO-2631","17469","Mahadevpura Inventory Warehouse","Old Stock","1","69","82","0","Received","69",
"PO-2632","17475","HSR Inventory Warehouse","Old Stock","1","117","138","0","Received","117",
"PO-2633","17468","Mahadevpura Inventory Warehouse","Mahalaxmi Automobiles","6","630","711","0","Received","630",
"PO-2634","17437","HSR Inventory Warehouse","Old Stock","1","60","100","0","Received","60",
"PO-2635","17468","Mahadevpura Inventory Warehouse","Old Stock","1","69","82","0","Received","69",
"PO-2636","17473","HSR Inventory Warehouse","Old Stock","2","261","311","0","Received","261",
"PO-2637","17437","HSR Inventory Warehouse","RAMDEV AUTOMOBILES","2","85","100","0","Received","85",
"PO-2638","17473","HSR Inventory Warehouse","Old Stock","1","60","100","0","Received","60",
"PO-2639","17443","HSR Inventory Warehouse","RAMDEV AUTOMOBILES","2","245","367","0","Received","245",
"PO-2640","17443","HSR Inventory Warehouse","Dummy","1","280","300","0","Received","280",
"PO-2641","17483","Mahadevpura Inventory Warehouse","Old Stock","1","69","82","0","Received","69",
"PO-2642","17489","HSR Inventory Warehouse","Old Stock","1","150","200","0","Received","150",
"PO-2643","17394","HSR Inventory Warehouse","Old Stock","4","174","261","0","Received","174",
"PO-2644","17405","HSR Inventory Warehouse","Kwality Automobiles","1","30","35","2","Received","32",
"PO-2645","17502","HSR Inventory Warehouse","Old Stock","1","80","100","0","Received","80",
"PO-2646","17503","HSR Inventory Warehouse","Old Stock","1","80","100","0","Received","80",
"PO-2647","17440","HSR Inventory Warehouse","RAMDEV AUTOMOBILES","15","2568","3019","0","Received","2568",
"PO-2648","17421","HSR Inventory Warehouse","Moonstar","2","370","373","0","Received","370",
"PO-2649","17494","HSR Inventory Warehouse","Old Stock","2","185","245","0","Received","185",
"PO-2650","17460","HSR Inventory Warehouse","Old Stock","1","1450","1790","0","Received","1450",
"PO-2651","17364","HSR Inventory Warehouse","RAMDEV AUTOMOBILES","0","0","0","0","Open","0",
"PO-2652","17493","Mahadevpura Inventory Warehouse","Old Stock","2","179","224","0","Received","179",
"PO-2653","17493","Mahadevpura Inventory Warehouse","Mahalaxmi Automobiles","1","75","85","0","Received","75",
"PO-2654","17498","Mahadevpura Inventory Warehouse","Bajaji","3","254","309","0","Received","254",
"PO-2655","17498","Mahadevpura Inventory Warehouse","Old Stock","1","140","169","0","Received","140",
"PO-2656","17312","Mahadevpura Inventory Warehouse","Old Stock","2","300","368","0","Received","300",
"PO-2657","17506","Mahadevpura Inventory Warehouse","Old Stock","1","69","82","0","Received","69",
"PO-2658","17397","Mahadevpura Inventory Warehouse","Mahalaxmi Automobiles","3","290","356","0","Received","290",
"PO-2659","17485","Mahadevpura Inventory Warehouse","Mahalaxmi Automobiles","3","254","297","0","Received","254",
"PO-2660","17521","HSR Inventory Warehouse","Old Stock","2","290","375","0","Received","290",
"PO-2661","17485","Mahadevpura Inventory Warehouse","Mahalaxmi Automobiles","2","60","90","0","Received","60",
"PO-2662","17445","HSR Inventory Warehouse","RAMDEV AUTOMOBILES","2","110","156","0","Received","110",
"PO-2663","17518","Mahadevpura Inventory Warehouse","Local","1","50","80","0","Received","50",
"PO-2664","17527","Mahadevpura Inventory Warehouse","Mahalaxmi Automobiles","3","174","209","0","Received","174",
"PO-2665","17499","HSR Inventory Warehouse","RAMDEV AUTOMOBILES","1","828","919","0","Received","828",
"PO-2666","17364","HSR Inventory Warehouse","Local","1","1","100","0","Received","1",
"PO-2667","17499","HSR Inventory Warehouse","Old Stock","1","70","120","0","Received","70",
"PO-2668","17529","Mahadevpura Inventory Warehouse","Local","1","100","120","0","Received","100",
"PO-2669","17519","HSR Inventory Warehouse","RAMDEV AUTOMOBILES","2","280","327","0","Received","280",
"PO-2670","17524","HSR Inventory Warehouse","RAMDEV AUTOMOBILES","1","110","135","0","Received","110",
"PO-2671","17530","HSR Inventory Warehouse","Old Stock","1","59","82","0","Received","59",
"PO-2672","17533","HSR Inventory Warehouse","Old Stock","5","462","635","0","Received","462",
"PO-2673","17498","Mahadevpura Inventory Warehouse","Mahalaxmi Automobiles","1","1280","1376","0","Received","1280",
"PO-2674","17402","Mahadevpura Inventory Warehouse","Mahalaxmi Automobiles","2","310","351","0","Received","310",
"PO-2675","17468","Mahadevpura Inventory Warehouse","Old Stock","1","10","28","0","Received","10",
"PO-2676","17522","HSR Inventory Warehouse","Local","1","100","150","0","Received","100",
"PO-2677","17528","HSR Inventory Warehouse","RAMDEV AUTOMOBILES","1","200","242","0","Received","200",
"PO-2678","17528","HSR Inventory Warehouse","RAMDEV AUTOMOBILES","1","200","235","0","Received","200",
"PO-2679","17536","HSR Inventory Warehouse","Old Stock","1","1300","1667","0","Received","1300",
"PO-2680","17540","HSR Inventory Warehouse","Old Stock","1","150","200","0","Received","150",
"PO-2681","17530","HSR Inventory Warehouse","HP petrol  pump","1","100","100","0","Received","100",
"PO-2682","17541","Mahadevpura Inventory Warehouse","Old Stock","1","69","82","0","Received","69",
"PO-2683","17541","Mahadevpura Inventory Warehouse","Local","1","100","100","0","Received","100",
"PO-2684","17440","HSR Inventory Warehouse","Local","1","1","100","0","Received","1",
"PO-2685","17498","Mahadevpura Inventory Warehouse","Local","2","180","250","0","Received","180",
"PO-2686","17528","HSR Inventory Warehouse","RAMDEV AUTOMOBILES","1","1300","1650","0","Received","1300",
"PO-2687","17507","Mahadevpura Inventory Warehouse","Old Stock","1","69","82","0","Received","69",
"PO-2688","17528","HSR Inventory Warehouse","Local","1","100","100","0","Received","100",
"PO-2689","17441","Mahadevpura Inventory Warehouse","Old Stock","2","819","937","0","Received","819",
"PO-2690","17450","Mahadevpura Inventory Warehouse","Old Stock","1","69","82","0","Received","69",
"PO-2691","17447","Mahadevpura Inventory Warehouse","Old Stock","1","69","82","0","Received","69",
"PO-2692","17487","HSR Inventory Warehouse","RAMDEV AUTOMOBILES","1","60","88","0","Received","60",
"PO-2693","17487","HSR Inventory Warehouse","Old Stock","1","10","18","0","Received","10",
"PO-2694","17508","Mahadevpura Inventory Warehouse","Old Stock","1","69","82","0","Received","69",
"PO-2695","17377","Mahadevpura Inventory Warehouse","Old Stock","1","69","82","0","Received","69",
"PO-2696","17542","Mahadevpura Inventory Warehouse","Old Stock","3","319","393","0","Received","319",
"PO-2697","17421","HSR Inventory Warehouse","VVARDHAMAN ENFIELD","1","123","137","0","Received","123",
"PO-2698","17542","Mahadevpura Inventory Warehouse","Old Stock","1","30","38","0","Received","30",
"PO-2699","17460","HSR Inventory Warehouse","VVARDHAMAN ENFIELD","6","1000","1135","0","Received","1000",
"PO-2700","17224","Mahadevpura Inventory Warehouse","Old Stock","2","189","224","0","Received","189",
"PO-2701","17224","Mahadevpura Inventory Warehouse","Old Stock","2","60","79","0","Received","60",
"PO-2702","17469","Mahadevpura Inventory Warehouse","Local","1","1212","1526","0","Received","1212",
"PO-2703","17555","Mahadevpura Inventory Warehouse","Old Stock","2","149","182","0","Received","149",
"PO-2704","17467","HSR Inventory Warehouse","Old Stock","1","65","98","0","Received","65",
"PO-2705","17511","HSR Inventory Warehouse","Old Stock","3","364","464","0","Received","364",
"PO-2706","17549","HSR Inventory Warehouse","Old Stock","1","60","80","0","Received","60",
"PO-2707","17401","HSR Inventory Warehouse","Kubera Tvs","1","1300","1404","0","Received","1300",
"PO-2708","17561","Mahadevpura Inventory Warehouse","Old Stock","3","398","470","0","Received","398",
"PO-2709","17476","HSR Inventory Warehouse","Old Stock","2","144","182","0","Received","144",
"PO-2710","17568","Hyderabad Inventory Warehouse","Old Stock","6","737","869","0","Received","737",
"PO-2711","17517","HSR Inventory Warehouse","Old Stock","4","1045","1214","0","Received","1045",
"PO-2712","17559","HSR Inventory Warehouse","Old Stock","1","30","35","0","Received","30",
"PO-2713","17559","HSR Inventory Warehouse","Old Stock","1","30","35","0","Received","30",
"PO-2714","17388","Mahadevpura Inventory Warehouse","Mahalaxmi Automobiles","1","1050","1154","0","Received","1050",
"PO-2715","17513","Mahadevpura Inventory Warehouse","Old Stock","2","274","317","0","Received","274",
"PO-2716","17560","Mahadevpura Inventory Warehouse","Old Stock","4","239","306","0","Received","239",
"PO-2717","17534","HSR Inventory Warehouse","Old Stock","1","120","140","0","Received","120",
"PO-2718","17560","Mahadevpura Inventory Warehouse","Old Stock","1","30","38","0","Received","30",
"PO-2719","17576","Mahadevpura Inventory Warehouse","Old Stock","3","289","347","0","Received","289",
"PO-2720","17224","Mahadevpura Inventory Warehouse","Mahalaxmi Automobiles","1","90","111","0","Received","90",
"PO-2721","17565","Mahadevpura Inventory Warehouse","Old Stock","2","149","182","0","Received","149",
"PO-2722","17572","HSR Inventory Warehouse","RAMDEV AUTOMOBILES","2","400","484","0","Received","400",
"PO-2723","16858","Mahadevpura Inventory Warehouse","Old Stock","2","290","320","0","Received","290",
"PO-2724","16858","Mahadevpura Inventory Warehouse","Sri Sai Ram Enfield","1","187","187","0","Received","187",
"PO-2725","17550","Mahadevpura Inventory Warehouse","Local","2","244","244","0","Received","244",
"PO-2726","17572","HSR Inventory Warehouse","Dummy","2","120","120","0","Received","120",
"PO-2727","17145","HSR Inventory Warehouse","Orion Motors","1","677","752","0","Received","677",
"PO-2728","17485","Mahadevpura Inventory Warehouse","Mahalaxmi Automobiles","1","10","17","0","Received","10",
"PO-2729","17401","HSR Inventory Warehouse","Kubera Tvs","2","330","361","0","Received","330",
"PO-2730","17468","Mahadevpura Inventory Warehouse","Local","2","330","400","0","Received","330",
"PO-2731","17554","HSR Inventory Warehouse","RAMDEV AUTOMOBILES","2","150","178","0","Received","150",
"PO-2732","17460","HSR Inventory Warehouse","Dummy","2","101","250","0","Received","101",
"PO-2733","17468","Mahadevpura Inventory Warehouse","Old Stock","1","70","94","0","Received","70",
"PO-2734","17460","HSR Inventory Warehouse","Moonstar","1","100","450","0","Received","100",
"PO-2735","17591","Hyderabad Inventory Warehouse","Royal AutoMobile","2","130","164","0","Received","130",
"PO-2736","17534","HSR Inventory Warehouse","Kwality Automobiles","5","4740","5005","0","Received","4740",
"PO-2737","17541","Mahadevpura Inventory Warehouse","Local","1","100","150","0","Received","100",
"PO-2738","17591","Hyderabad Inventory Warehouse","Old Stock","1","80","92","0","Received","80",
"PO-2739","17591","Hyderabad Inventory Warehouse","Old Stock","2","180","220","0","Received","180",
"PO-2740","17534","HSR Inventory Warehouse","Local","2","180","250","0","Received","180",
"PO-2741","17608","Mahadevpura Inventory Warehouse","Old Stock","2","84","112","0","Received","84",
"PO-2742","17517","HSR Inventory Warehouse","Local","1","100","200","0","Received","100",
"PO-2743","17570","Mahadevpura Inventory Warehouse","Mahalaxmi Automobiles","1","200","242","0","Received","200",
"PO-2744","17555","Mahadevpura Inventory Warehouse","Old Stock","1","270","313","0","Received","270",
"PO-2745","17570","Mahadevpura Inventory Warehouse","Local","1","50","80","0","Received","50",
"PO-2746","17562","HSR Inventory Warehouse","RAMDEV AUTOMOBILES","1","45","90","0","Received","45",
"PO-2747","17564","HSR Inventory Warehouse","RAMDEV AUTOMOBILES","1","30","35","0","Received","30",
"PO-2748","17607","HSR Inventory Warehouse","RAMDEV AUTOMOBILES","1","35","48","0","Received","35",
"PO-2749","17158","HSR Inventory Warehouse","NARENDRA AUTOMOBILES","1","5300","5550","0","Received","5300",
"PO-2750","17512","Mahadevpura Inventory Warehouse","Mahalaxmi Automobiles","3","85","129","0","Received","85",
"PO-2751","17531","Mahadevpura Inventory Warehouse","Mahalaxmi Automobiles","3","309","393","0","Received","309",
"PO-2752","17531","Mahadevpura Inventory Warehouse","Old Stock","1","30","38","0","Received","30",
"PO-2753","17563","Mahadevpura Inventory Warehouse","Mahalaxmi Automobiles","4","239","306","0","Received","239",
"PO-2754","17522","HSR Inventory Warehouse","RAMDEV AUTOMOBILES","9","4335","4831","0","Received","4335",
"PO-2755","17598","Mahadevpura Inventory Warehouse","Mahalaxmi Automobiles","4","339","433","0","Received","339",
"PO-2756","17522","HSR Inventory Warehouse","Old Stock","1","125","145","0","Received","125",
"PO-2757","17575","Mahadevpura Inventory Warehouse","Mahalaxmi Automobiles","3","1260","1431","0","Received","1260",
"PO-2758","17515","Mahadevpura Inventory Warehouse","Mahalaxmi Automobiles","5","634","803","0","Received","634",
"PO-2759","17546","HSR Inventory Warehouse","RAMDEV AUTOMOBILES","2","330","478","0","Received","330",
"PO-2760","17546","HSR Inventory Warehouse","RAMDEV AUTOMOBILES","9","3169","3539","0","Received","3169",
"PO-2761","17307","HSR Inventory Warehouse","RAMDEV AUTOMOBILES","1","90","110","0","Received","90",
"PO-2762","17546","HSR Inventory Warehouse","RAMDEV AUTOMOBILES","3","547.5","651","0","Received","547.5",
"PO-2763","17546","HSR Inventory Warehouse","RAMDEV AUTOMOBILES","2","232.5","256","0","Received","232.5",
"PO-2764","17564","HSR Inventory Warehouse","RAMDEV AUTOMOBILES","1","820","912","0","Received","820",
"PO-2765","17546","HSR Inventory Warehouse","NARENDRA AUTOMOBILES","1","3670","3888","0","Received","3670",
"PO-2766","17623","Hyderabad Inventory Warehouse","Old Stock","6","900","1020","0","Received","900",
"PO-2767","17583","Mahadevpura Inventory Warehouse","Old Stock","2","225","265","0","Received","225",
"PO-2768","17557","Mahadevpura Inventory Warehouse","Local","1","10","20","0","Received","10",
"PO-2769","17562","HSR Inventory Warehouse","Kwality Automobiles","4","1440","1614","0","Received","1440",
"PO-2770","17522","HSR Inventory Warehouse","Lathe","2","341","1300","0","Received","341",
"PO-2771","17515","Mahadevpura Inventory Warehouse","Old Stock","7","780","986","0","Received","780",
"PO-2772","17557","Mahadevpura Inventory Warehouse","Old Stock","1","10","20","0","Received","10",
"PO-2773","17639","Hyderabad Inventory Warehouse","Local","2","260","290","0","Received","260",
"PO-2774","17612","HSR Inventory Warehouse","Local","1","100","150","0","Received","100",
"PO-2775","17467","HSR Inventory Warehouse","VVARDHAMAN ENFIELD","1","575","639","0","Received","575",
"PO-2776","17606","Hyderabad Inventory Warehouse","Royal AutoMobile","6","484","573","0","Received","484",
"PO-2777","17612","HSR Inventory Warehouse","Old Stock","1","50","100","0","Received","50",
"PO-2778","17606","Hyderabad Inventory Warehouse","Old Stock","2","180","220","0","Received","180",
"PO-2779","17606","Hyderabad Inventory Warehouse","Old Stock","1","65","82","0","Received","65",
"PO-2780","17649","HSR Inventory Warehouse","RAMDEV AUTOMOBILES","1","40","40","0","Received","40",
"PO-2781","17659","Hyderabad Inventory Warehouse","Old Stock","2","131","140","0","Received","131",
"PO-2782","17659","Hyderabad Inventory Warehouse","Royal AutoMobile","4","1389","1527","0","Received","1389",
"PO-2783","17659","Hyderabad Inventory Warehouse","Old Stock","2","180","220","0","Received","180",
"PO-2784","17596","HSR Inventory Warehouse","RAMDEV AUTOMOBILES","3","30","66","0","Received","30",
"PO-2785","null","HSR Inventory Warehouse","SS Distributors","128","40762.259798399966","54096","0","Received","40762.259798399966",
"PO-2786","17601","Mahadevpura Inventory Warehouse","Old Stock","1","59","82","0","Received","59",
"PO-2787","17562","HSR Inventory Warehouse","Local","2","100","160","0","Received","100",
"PO-2788","null","Mahadevpura Warehouse","Moonstar","1","2","3","0","Received","2",
"PO-2789","17588","Mahadevpura Inventory Warehouse","Old Stock","7","882","1196","0","Received","882",
"PO-2790","17603","HSR Inventory Warehouse","Old Stock","1","25","38","0","Received","25",
"PO-2791","17596","HSR Inventory Warehouse","Local","2","150","250","0","Received","150",
"PO-2792","17663","HSR Inventory Warehouse","Old Stock","1","59","82","0","Received","59",
"PO-2793","17663","HSR Inventory Warehouse","Old Stock","1","256","296","0","Received","256",
"PO-2794","17596","HSR Inventory Warehouse","RAMDEV AUTOMOBILES","1","40","70","0","Received","40",
"PO-2795","17663","HSR Inventory Warehouse","RAMDEV AUTOMOBILES","1","60","89","0","Received","60",
"PO-2796","17546","HSR Inventory Warehouse","RAMDEV AUTOMOBILES","1","115","170","0","Received","115",
"PO-2797","17546","HSR Inventory Warehouse","Local","3","1000","1450","0","Received","1000",
"PO-2798","17546","HSR Inventory Warehouse","RAMDEV AUTOMOBILES","1","270","377","0","Received","270",
"PO-2799","null","HSR Inventory Warehouse","Supreme Bajaj","1","620","773","0","Received","620",
"PO-2800","17585","HSR Inventory Warehouse","Old Stock","1","200","245","0","Received","200",
"PO-2801","17573","HSR Inventory Warehouse","Old Stock","2","40","61","0","Received","40",
"PO-2802","17573","HSR Inventory Warehouse","Old Stock","8","819","1001","0","Received","819",
"PO-2803","17581","Mahadevpura Inventory Warehouse","Old Stock","2","225","255","0","Received","225",
"PO-2804","17158","HSR Inventory Warehouse","Kwality Automobiles","2","196","238","0","Received","196",
"PO-2805","17626","Mahadevpura Inventory Warehouse","Old Stock","2","225","255","0","Received","225",
"PO-2806","17626","Mahadevpura Inventory Warehouse","Old Stock","1","30","40","0","Received","30",
"PO-2807","17665","Mahadevpura Inventory Warehouse","Old Stock","1","70","82","0","Received","70",
"PO-2808","17622","Mahadevpura Inventory Warehouse","Local","1","124","124","0","Received","124",
"PO-2809","17585","HSR Inventory Warehouse","Kwality Automobiles","2","70","105","0","Received","70",
"PO-2810","17695","HSR Inventory Warehouse","RAMDEV AUTOMOBILES","2","20","40","0","Received","20",
"PO-2811","17586","Mahadevpura Inventory Warehouse","Old Stock","1","55","65","0","Received","55",
"PO-2812","17626","Mahadevpura Inventory Warehouse","Local","2","530","668","0","Received","530",
"PO-2813","17653","HSR Inventory Warehouse","RAMDEV AUTOMOBILES","2","150","323","0","Received","150",
"PO-2814","17592","Mahadevpura Inventory Warehouse","Old Stock","5","620","764","0","Received","620",
"PO-2815","17699","HSR Inventory Warehouse","Old Stock","1","100","120","0","Received","100",
"PO-2816","17700","HSR Inventory Warehouse","Local","2","330","360","0","Received","330",
"PO-2817","null","HSR Inventory Warehouse","CYBER AUTOMOBILES ENFIELD","180","43593.93999989492","54656","0","Received","43593.93999989492",
"PO-2819","17565","Mahadevpura Inventory Warehouse","Mahalaxmi Automobiles","1","220","245","0","Received","220",
"PO-2820","17615","Mahadevpura Inventory Warehouse","Mahalaxmi Automobiles","5","731","843","0","Received","731",
"PO-2821","17592","Mahadevpura Inventory Warehouse","Mahalaxmi Automobiles","1","140","157","0","Received","140",
"PO-2822","17158","HSR Inventory Warehouse","Kwality Automobiles","2","20","30","0","Received","20",
"PO-2823","17687","Mahadevpura Inventory Warehouse","Local","2","320","400","0","Received","320",
"PO-2824","17158","HSR Inventory Warehouse","Local","1","70","100","0","Received","70",
"PO-2825","null","HSR Inventory Warehouse","Mahaveer Bosch","0","0","0","0","Open","0",
"PO-2826","17485","Mahadevpura Inventory Warehouse","Mahalaxmi Automobiles","1","1300","1509","0","Received","1300",
"PO-2827","17485","Mahadevpura Inventory Warehouse","Local","1","100","150","0","Received","100",
"PO-2828","17695","HSR Inventory Warehouse","MAHAVEER AUTOMOBILES","2","1440","1508","0","Received","1440",
"PO-2829","17641","Mahadevpura Inventory Warehouse","Local","1","70","82","0","Received","70",
"PO-2830","17641","Mahadevpura Inventory Warehouse","Mahalaxmi Automobiles","1","480","501","0","Received","480",
"PO-2831","17485","Mahadevpura Inventory Warehouse","Moonstar","1","250","250","0","Received","250",
"PO-2833","17485","Mahadevpura Inventory Warehouse","Moonstar","1","250","250","0","Received","250",
"PO-2834","17485","Mahadevpura Inventory Warehouse","Old Stock","1","400","500","0","Received","400",
"PO-2835","17485","Mahadevpura Inventory Warehouse","Local","1","500","500","0","Received","500",
"PO-2836","17616","Mahadevpura Inventory Warehouse","Local","8","1270","1764","0","Received","1270",
"PO-2837","17682","HSR Inventory Warehouse","Dummy","1","1","100","0","Received","1",
"PO-2838","17616","Mahadevpura Inventory Warehouse","Old Stock","5","830","1100","0","Received","830",
"PO-2839","17616","Mahadevpura Inventory Warehouse","Old Stock","1","330","365","0","Received","330",
"PO-2840","16708","Mahadevpura Inventory Warehouse","Local","3","275","291","0","Received","275",
"PO-2841","16708","Mahadevpura Inventory Warehouse","Old Stock","1","750","773","0","Received","750",
"PO-2842","16708","Mahadevpura Inventory Warehouse","Old Stock","1","650","689","0","Received","650",
"PO-2843","17605","Mahadevpura Inventory Warehouse","Old Stock","0","0","0","0","Open","0",
"PO-2844","null","Mahadevpura Warehouse","Moonstar","1","12","13","0","Received","12",
"PO-2845","null","Mahadevpura Warehouse","Moonstar","10","10","20","0","Received","10",
"PO-2846","null","Mahadevpura Warehouse","Nilesh honda","1","1","2","0","Received","1",
"PO-2847","null","Mahadevpura Warehouse","Moonstar","70","70","140","0","Received","70",
"PO-2848","17663","Jayanagar Warehouse","Moonstar","3","3","6","0","Received","3",
"PO-2849","17709","HSR Warehouse","Moonstar","2","2","3","0","Received","0",
"PO-2850","null","Mahadevpura Warehouse","Moonstar","5","5","10","0","Received","13",
"PO-2851","null","Mahadevpura Warehouse","Moonstar","2","2","4","0","Received","4",
"PO #","Kit Number","Item Code","Barcode","Wholesale Price","Unit Price",
"PO-2537","17313","LUBE0003","w7dy4b","80","100",
"PO-2537","17313","LUBE00006","gr8yoI","100","120",
"PO-2538","17388","LUBE0003","IGXxnT","80","100",
"PO-2538","17388","LUBE00006","uwb3D6","100","120",
"PO-2540","17388","F002G40533EHG","pUh0eh","69","82",
"PO-2541","16858","F002G40533EHG","u4oX0I","69","82",
"PO-2542","null","LUBE0001","K0ZyhK","70","130",
"PO-2542","null","LUBE0001","3BW3ej","70","130",
"PO-2542","null","LUBE0001","h77kWH","70","130",
"PO-2542","null","LUBE0001","Ydb1Nm","70","130",
"PO-2542","null","LUBE0001","BOw6N5","70","130",
"PO-2542","null","LUBE0001","PY4SNu","70","130",
"PO-2542","null","LUBE0001","5EwrPK","70","130",
"PO-2542","null","LUBE0001","9oFVlV","70","130",
"PO-2542","null","LUBE0001","I1zChR","70","130",
"PO-2542","null","LUBE0001","KUfCM3","70","130",
"PO-2542","null","LUBE0001","S55jIT","70","130",
"PO-2542","null","LUBE0001","2p7n9y","70","130",
"PO-2542","null","LUBE0001","YxVqTS","70","130",
"PO-2542","null","LUBE0001","SoOOwX","70","130",
"PO-2542","null","LUBE0001","bENEUR","70","130",
"PO-2542","null","LUBE0001","ec2uc0","70","130",
"PO-2542","null","LUBE0001","Ti8MN0","70","130",
"PO-2542","null","LUBE0001","D179N8","70","130",
"PO-2542","null","LUBE0001","u5DhA3","70","130",
"PO-2542","null","LUBE0001","hM0UCF","70","130",
"PO-2542","null","LUBE0001","KcKpqS","70","130",
"PO-2542","null","LUBE0001","AICIKU","70","130",
"PO-2542","null","LUBE0001","LAJCof","70","130",
"PO-2542","null","LUBE0001","ETss6T","70","130",
"PO-2542","null","LUBE0001","hmrZRP","70","130",
"PO-2542","null","LUBE0001","9FAYnL","70","130",
"PO-2542","null","LUBE0001","x2DrwW","70","130",
"PO-2542","null","LUBE0001","SOY4H2","70","130",
"PO-2542","null","LUBE0001","OnucVe","70","130",
"PO-2542","null","LUBE0001","81q0kM","70","130",
"PO-2542","null","LUBE0001","6mzBEV","70","130",
"PO-2542","null","LUBE0001","tE8jKb","70","130",
"PO-2542","null","LUBE0001","jS4jpv","70","130",
"PO-2542","null","LUBE0001","xkNhA8","70","130",
"PO-2542","null","LUBE0001","w4sQDi","70","130",
"PO-2542","null","LUBE0001","MPTIRo","70","130",
"PO-2542","null","LUBE0001","6k8a8n","70","130",
"PO-2542","null","LUBE0001","ieAW7g","70","130",
"PO-2542","null","LUBE0001","Rf5Dsb","70","130",
"PO-2542","null","LUBE0001","bxkzNQ","70","130",
"PO-2542","null","LUBE0001","loksRj","70","130",
"PO-2542","null","LUBE0001","sL9ZbT","70","130",
"PO-2542","null","LUBE0001","xI8Kgy","70","130",
"PO-2542","null","LUBE0001","Bc2ngp","70","130",
"PO-2542","null","LUBE0001","g7N41a","70","130",
"PO-2542","null","LUBE0001","LVVTiQ","70","130",
"PO-2542","null","LUBE0001","gUQrLd","70","130",
"PO-2542","null","LUBE0001","84H1bU","70","130",
"PO-2542","null","LUBE0001","nGP8bD","70","130",
"PO-2542","null","LUBE0001","FwPQ3g","70","130",
"PO-2542","null","LUBE0003","urn8kF","60","100",
"PO-2542","null","LUBE0003","PrjojN","60","100",
"PO-2542","null","LUBE0003","svnn08","60","100",
"PO-2542","null","LUBE0003","3dgJSv","60","100",
"PO-2542","null","LUBE0003","Jv9sGL","60","100",
"PO-2542","null","LUBE0003","OdjrdN","60","100",
"PO-2542","null","LUBE0003","YzRMbP","60","100",
"PO-2542","null","LUBE0003","BSMnyb","60","100",
"PO-2542","null","LUBE0003","XnfvbS","60","100",
"PO-2542","null","LUBE0003","nI0jWm","60","100",
"PO-2542","null","LUBE0003","lXbUnf","60","100",
"PO-2542","null","LUBE0003","TLIDTh","60","100",
"PO-2542","null","LUBE0003","xfyJb2","60","100",
"PO-2542","null","LUBE0003","MEGsNi","60","100",
"PO-2542","null","LUBE0003","iNYfjb","60","100",
"PO-2542","null","LUBE0003","58Dpvd","60","100",
"PO-2542","null","LUBE0003","hXiM3w","60","100",
"PO-2542","null","LUBE0003","1B3AFu","60","100",
"PO-2542","null","LUBE0003","XEJfgV","60","100",
"PO-2542","null","LUBE0003","ji43rx","60","100",
"PO-2542","null","LUBE0003","zyNAF0","60","100",
"PO-2542","null","LUBE0003","uHI117","60","100",
"PO-2542","null","LUBE0003","TQrxkE","60","100",
"PO-2542","null","LUBE0003","TRRuQa","60","100",
"PO-2542","null","LUBE0003","QCmpcF","60","100",
"PO-2542","null","LUBE0003","wLtBeY","60","100",
"PO-2542","null","LUBE0003","qmyBIb","60","100",
"PO-2542","null","LUBE0003","rHLcCV","60","100",
"PO-2542","null","LUBE0003","tt6USm","60","100",
"PO-2542","null","LUBE0003","cOOfoY","60","100",
"PO-2542","null","LUBE0003","kYfPjw","60","100",
"PO-2542","null","LUBE0003","aPa7hr","60","100",
"PO-2542","null","LUBE0003","zNTBre","60","100",
"PO-2542","null","LUBE0003","QCXs0x","60","100",
"PO-2542","null","LUBE0003","GVaMkg","60","100",
"PO-2542","null","LUBE0003","kB0Yhd","60","100",
"PO-2542","null","LUBE0003","KmY1K5","60","100",
"PO-2542","null","LUBE0003","PsamjT","60","100",
"PO-2542","null","LUBE0003","4nqDQs","60","100",
"PO-2542","null","LUBE0003","ZXX0my","60","100",
"PO-2542","null","LUBE0003","VXm0J6","60","100",
"PO-2542","null","LUBE0003","C4JpiB","60","100",
"PO-2542","null","LUBE0003","TgVrod","60","100",
"PO-2542","null","LUBE0003","bM8J9Y","60","100",
"PO-2542","null","LUBE0003","xttMeQ","60","100",
"PO-2542","null","LUBE0003","SahLSe","60","100",
"PO-2542","null","LUBE0003","FtTbmB","60","100",
"PO-2542","null","LUBE0003","ktw1MF","60","100",
"PO-2542","null","LUBE0003","lYgjLN","60","100",
"PO-2542","null","LUBE0003","MlFtSY","60","100",
"PO-2542","null","LUBE0005","FuAnJA","30","50",
"PO-2542","null","LUBE0005","BAkQ8M","30","50",
"PO-2542","null","LUBE0005","MQ205L","30","50",
"PO-2542","null","LUBE0005","u3CLTB","30","50",
"PO-2542","null","LUBE0005","ghHkxV","30","50",
"PO-2542","null","LUBE0005","oK9U9u","30","50",
"PO-2542","null","LUBE0005","jQutqW","30","50",
"PO-2542","null","LUBE0005","67I3Lg","30","50",
"PO-2542","null","LUBE0005","W1DMEA","30","50",
"PO-2542","null","LUBE0005","wOkCWZ","30","50",
"PO-2542","null","LUBE0005","35h4gb","30","50",
"PO-2542","null","LUBE0005","NS763g","30","50",
"PO-2542","null","LUBE0005","d7Id1F","30","50",
"PO-2542","null","LUBE0005","qnAvCD","30","50",
"PO-2542","null","LUBE0005","XgBeZC","30","50",
"PO-2542","null","LUBE0005","uhglvM","30","50",
"PO-2542","null","LUBE0005","kR0MSW","30","50",
"PO-2542","null","LUBE0005","Ce16LQ","30","50",
"PO-2542","null","LUBE0005","nY2Ndo","30","50",
"PO-2542","null","LUBE0005","fCfbDj","30","50",
"PO-2542","null","LUBE0005","jmMrEt","30","50",
"PO-2542","null","LUBE0005","FNEObO","30","50",
"PO-2542","null","LUBE0005","xIITkM","30","50",
"PO-2542","null","LUBE0005","tSxOW2","30","50",
"PO-2542","null","LUBE0005","BrpOdW","30","50",
"PO-2542","null","LUBE0005","wdmuR0","30","50",
"PO-2542","null","LUBE0005","c7wPvk","30","50",
"PO-2542","null","LUBE0005","veawUZ","30","50",
"PO-2542","null","LUBE0005","AlrfyL","30","50",
"PO-2542","null","LUBE0005","G1VKZW","30","50",
"PO-2542","null","LUBE0005","yRRad9","30","50",
"PO-2542","null","LUBE0005","XxwVOQ","30","50",
"PO-2542","null","LUBE0005","8yUc6k","30","50",
"PO-2542","null","LUBE0005","5sk8a8","30","50",
"PO-2542","null","LUBE0005","iIUYmF","30","50",
"PO-2542","null","LUBE0005","S6peQd","30","50",
"PO-2542","null","LUBE0005","HUxyIK","30","50",
"PO-2542","null","LUBE0005","LoujIr","30","50",
"PO-2542","null","LUBE0005","UxsH12","30","50",
"PO-2542","null","LUBE0005","7ujfPe","30","50",
"PO-2542","null","LUBE0005","GCjdZG","30","50",
"PO-2542","null","LUBE0005","ZvMFW0","30","50",
"PO-2542","null","LUBE0005","EeuhcN","30","50",
"PO-2542","null","LUBE0005","sJKVc2","30","50",
"PO-2542","null","LUBE0005","HFjLMY","30","50",
"PO-2542","null","LUBE0005","lMYaN5","30","50",
"PO-2542","null","LUBE0005","aZyJpg","30","50",
"PO-2542","null","LUBE0005","v334bt","30","50",
"PO-2542","null","LUBE0005","kHiBqv","30","50",
"PO-2542","null","LUBE0005","hiJoBf","30","50",
"PO-2542","null","LUBE00006","Wbzwsm","70","120",
"PO-2542","null","LUBE00006","3fjz8D","70","120",
"PO-2542","null","LUBE00006","RJOHJ9","70","120",
"PO-2542","null","LUBE00006","WvBq5E","70","120",
"PO-2542","null","LUBE00006","kf1nLd","70","120",
"PO-2542","null","LUBE00006","MT3WwW","70","120",
"PO-2542","null","LUBE00006","bXtJTQ","70","120",
"PO-2542","null","LUBE00006","EBFMed","70","120",
"PO-2542","null","LUBE00006","l7bHNd","70","120",
"PO-2542","null","LUBE00006","axjFUO","70","120",
"PO-2542","null","LUBE00006","ybXpKF","70","120",
"PO-2542","null","LUBE00006","1Dbz2D","70","120",
"PO-2542","null","LUBE00006","88hIq6","70","120",
"PO-2542","null","LUBE00006","wHmgkw","70","120",
"PO-2542","null","LUBE00006","NEqSdJ","70","120",
"PO-2542","null","LUBE00006","p2Sw0P","70","120",
"PO-2542","null","LUBE00006","IxyT8L","70","120",
"PO-2542","null","LUBE00006","C4ek4G","70","120",
"PO-2542","null","LUBE00006","tLoiAi","70","120",
"PO-2542","null","LUBE00006","82MNSJ","70","120",
"PO-2542","null","LUBE00006","do6e4g","70","120",
"PO-2542","null","LUBE00006","RtTnRl","70","120",
"PO-2542","null","LUBE00006","h6n2C6","70","120",
"PO-2542","null","LUBE00006","dNTYhf","70","120",
"PO-2542","null","LUBE00006","QzsuPe","70","120",
"PO-2542","null","LUBE00006","APAnrR","70","120",
"PO-2542","null","LUBE00006","PVF7Fs","70","120",
"PO-2542","null","LUBE00006","qFpEkd","70","120",
"PO-2542","null","LUBE00006","LVeoar","70","120",
"PO-2542","null","LUBE00006","TykOjf","70","120",
"PO-2542","null","LUBE00006","LYjrUF","70","120",
"PO-2542","null","LUBE00006","ZCCeFD","70","120",
"PO-2542","null","LUBE00006","qwQnQL","70","120",
"PO-2542","null","LUBE00006","TEO20G","70","120",
"PO-2542","null","LUBE00006","b8H9HX","70","120",
"PO-2542","null","LUBE00006","tMrXnL","70","120",
"PO-2542","null","LUBE00006","vFuS5z","70","120",
"PO-2542","null","LUBE00006","Ffs4f3","70","120",
"PO-2542","null","LUBE00006","oiyxqG","70","120",
"PO-2542","null","LUBE00006","WjoLgW","70","120",
"PO-2542","null","LUBE00006","SeXmyD","70","120",
"PO-2542","null","LUBE00006","Fro8Gj","70","120",
"PO-2542","null","LUBE00006","bIGK4w","70","120",
"PO-2542","null","LUBE00006","gslPaA","70","120",
"PO-2542","null","LUBE00006","FiGjun","70","120",
"PO-2542","null","LUBE00006","LmaQMO","70","120",
"PO-2542","null","LUBE00006","zYq7Kt","70","120",
"PO-2542","null","LUBE00006","n7IcdH","70","120",
"PO-2542","null","LUBE00006","om1uZ6","70","120",
"PO-2542","null","LUBE00006","TfHPTE","70","120",
"PO-2542","null","LUBE00007","rBRR3p","40","70",
"PO-2542","null","LUBE00007","Uu7iAu","40","70",
"PO-2542","null","LUBE00007","0bEzLf","40","70",
"PO-2542","null","LUBE00007","VApC1e","40","70",
"PO-2542","null","LUBE00007","kmt7ca","40","70",
"PO-2542","null","LUBE00007","R9jgoy","40","70",
"PO-2542","null","LUBE00007","XYNJ7l","40","70",
"PO-2542","null","LUBE00007","Ky09kj","40","70",
"PO-2542","null","LUBE00007","bZnlYM","40","70",
"PO-2542","null","LUBE00007","YPWBfF","40","70",
"PO-2542","null","LUBE00007","IWUavP","40","70",
"PO-2542","null","LUBE00007","9UFWfF","40","70",
"PO-2542","null","LUBE00007","sXfWAI","40","70",
"PO-2542","null","LUBE00007","immdNm","40","70",
"PO-2542","null","LUBE00007","F47dqQ","40","70",
"PO-2542","null","LUBE00007","TTO1wq","40","70",
"PO-2542","null","LUBE00007","KBjNKC","40","70",
"PO-2542","null","LUBE00007","SNMBzQ","40","70",
"PO-2542","null","LUBE00007","s3MfAc","40","70",
"PO-2542","null","LUBE00007","MEhza6","40","70",
"PO-2542","null","LUBE00007","qdXEAJ","40","70",
"PO-2542","null","LUBE00007","gl1rGX","40","70",
"PO-2542","null","LUBE00007","Pa0SAn","40","70",
"PO-2542","null","LUBE00007","zNXyi6","40","70",
"PO-2542","null","LUBE00007","ZGUsrV","40","70",
"PO-2542","null","LUBE00007","65j1rV","40","70",
"PO-2542","null","LUBE00007","xRdmqm","40","70",
"PO-2542","null","LUBE00007","CeYi60","40","70",
"PO-2542","null","LUBE00007","g17YV7","40","70",
"PO-2542","null","LUBE00007","KfDaTC","40","70",
"PO-2542","null","LUBE00007","IJDHgf","40","70",
"PO-2542","null","LUBE00007","uUDtWA","40","70",
"PO-2542","null","LUBE00007","gIsTpU","40","70",
"PO-2542","null","LUBE00007","DXj5Fx","40","70",
"PO-2542","null","LUBE00007","yRjgpF","40","70",
"PO-2542","null","LUBE00007","FvrwDN","40","70",
"PO-2542","null","LUBE00007","1P8DHA","40","70",
"PO-2542","null","LUBE00007","1PmQJL","40","70",
"PO-2542","null","LUBE00007","4hhU8U","40","70",
"PO-2542","null","LUBE00007","TyI3wl","40","70",
"PO-2542","null","LUBE00007","trhctC","40","70",
"PO-2542","null","LUBE00007","BNrUbw","40","70",
"PO-2542","null","LUBE00007","JTtN38","40","70",
"PO-2542","null","LUBE00007","Yh3MG5","40","70",
"PO-2542","null","LUBE00007","7L5LbR","40","70",
"PO-2542","null","LUBE00007","NMnCbO","40","70",
"PO-2542","null","LUBE00007","tdZmAv","40","70",
"PO-2542","null","LUBE00007","R6TBea","40","70",
"PO-2542","null","LUBE00007","mtFP10","40","70",
"PO-2542","null","LUBE00007","2ttULc","40","70",
"PO-2542","null","LUBE00008","tNKl3p","80","150",
"PO-2542","null","LUBE00008","rNlAbO","80","150",
"PO-2542","null","LUBE00008","1wYqEw","80","150",
"PO-2542","null","LUBE00008","57dPy2","80","150",
"PO-2542","null","LUBE00008","UMTZ6h","80","150",
"PO-2542","null","LUBE00008","3EHTvQ","80","150",
"PO-2542","null","LUBE00008","zrFvpr","80","150",
"PO-2542","null","LUBE00008","dwFAlj","80","150",
"PO-2542","null","LUBE00008","jMR8Cb","80","150",
"PO-2542","null","LUBE00008","AiY9F2","80","150",
"PO-2542","null","LUBE00008","eNldWU","80","150",
"PO-2542","null","LUBE00008","f64UBZ","80","150",
"PO-2542","null","LUBE00008","sK4hOB","80","150",
"PO-2542","null","LUBE00008","kXYAqQ","80","150",
"PO-2542","null","LUBE00008","h6zZcF","80","150",
"PO-2542","null","LUBE00008","yZzgJ0","80","150",
"PO-2542","null","LUBE00008","btSbME","80","150",
"PO-2542","null","LUBE00008","wzGua4","80","150",
"PO-2542","null","LUBE00008","DDNy3R","80","150",
"PO-2542","null","LUBE00008","BleoYX","80","150",
"PO-2542","null","LUBE00008","oXl0ox","80","150",
"PO-2542","null","LUBE00008","jF7x9I","80","150",
"PO-2542","null","LUBE00008","Twzf8l","80","150",
"PO-2542","null","LUBE00008","k33wnY","80","150",
"PO-2542","null","LUBE00008","uTomIk","80","150",
"PO-2542","null","LUBE00008","U0T7sv","80","150",
"PO-2542","null","LUBE00008","GLdQYv","80","150",
"PO-2542","null","LUBE00008","sumc32","80","150",
"PO-2542","null","LUBE00008","m8cp3f","80","150",
"PO-2542","null","LUBE00008","xfmjzd","80","150",
"PO-2542","null","LUBE00008","3iNdub","80","150",
"PO-2542","null","LUBE00008","fEUpLw","80","150",
"PO-2542","null","LUBE00008","CLgUkO","80","150",
"PO-2542","null","LUBE00008","nq7FGq","80","150",
"PO-2542","null","LUBE00008","4ReINq","80","150",
"PO-2542","null","LUBE00008","S6z0uh","80","150",
"PO-2542","null","LUBE00008","JkLAaS","80","150",
"PO-2542","null","LUBE00008","1foNRI","80","150",
"PO-2542","null","LUBE00008","FhzGXy","80","150",
"PO-2542","null","LUBE00008","KtBDn1","80","150",
"PO-2542","null","LUBE00008","cOn8ja","80","150",
"PO-2542","null","LUBE00008","E0cj3z","80","150",
"PO-2542","null","LUBE00008","WPx00u","80","150",
"PO-2542","null","LUBE00008","vGhJcU","80","150",
"PO-2542","null","LUBE00008","CiCYLY","80","150",
"PO-2542","null","LUBE00008","lyiWnR","80","150",
"PO-2542","null","LUBE00008","yg3Sx2","80","150",
"PO-2542","null","LUBE00008","t0Nn7c","80","150",
"PO-2542","null","LUBE00008","3Xy2gN","80","150",
"PO-2542","null","LUBE00008","SPb7hh","80","150",
"PO-2543","17258","1378033G70000","YluvtX","85","95",
"PO-2543","17258","5441033G20000","VGtP0I","275","306",
"PO-2543","17258","1651033G100000","b7otWa","30","35",
"PO-2544","17258","9240035200EHG","h1GqvS","59","82",
"PO-2545","17395","21CE445000","MkBqKJ","195","215",
"PO-2546","17395","5USW004500","51dv6V","125","145",
"PO-2547","17181","21CE445000","ZvzpsA","190","215",
"PO-2547","17181","F002G40533EHG","IhqVlD","69","82",
"PO-2548","17311","0242229014EHG","Wahql4","67","98",
"PO-2549","17366","DU0232","ZAE84T","490","589",
"PO-2551","17430","F002G40127EHG","4k4iUL","65","82",
"PO-2551","17430","17210KVTD00","B7Yd8n","184","199",
"PO-2551","17430","18805KPL900","3WchO8","35","40",
"PO-2552","17286","INDICATORSWITCH1","LATfhM","60","82",
"PO-2553","17431","JA581006","m37LYu","50","58",
"PO-2554","17367","45450KWP910","sVqKJ5","170","189",
"PO-2555","17237","18805KPL900","bCw208","15","30",
"PO-2555","17237","F002G40533EHG","6nKzjK","69","82",
"PO-2555","17237","06430KWP900","nP71Gm","205","235",
"PO-2555","17237","17211KWPD00","3AQO95","170","199",
"PO-2556","17323","9240035200EHG","idbyqx","59","82",
"PO-2557","17391","F002G40533EHG","Psp8MJ","69","82",
"PO-2557","17391","06430KWP900","2OFkcl","205","235",
"PO-2558","17122","DU0240","DgUxqR","45","50",
"PO-2559","17392","1651033G100000","Thv0sM","30","35",
"PO-2560","17313","FXR0-12XR9-B","bS7YWH","1550","1851",
"PO-2561","17409","28230KPL900","gycr8D","235","280",
"PO-2561","17409","DU1206","dNpVZP","10","18",
"PO-2561","17409","26300KPL900","4vxQD9","130","258",
"PO-2562","17329","F002G40533EHG","F8Csyy","69","82",
"PO-2562","17329","30151076","Vqk21C","110","145",
"PO-2563","17340","1378033G70000","mWRKeR","85","95",
"PO-2563","17340","5441033G20000","4nTioS","280","306",
"PO-2563","17340","1651033G100000","K42CRw","30","35",
"PO-2564","17387","DU0321","gCwR8w","1250","1650",
"PO-2564","17387","DU0316","cS9Qg6","200","242",
"PO-2565","17372","F002G40533EHG","0A115m","69","82",
"PO-2566","17361","1651033G100000","tiAxFZ","30","35",
"PO-2566","17361","F002G40533EHG","KozKm3","69","82",
"PO-2567","17387","DU0305","m0eQB4","60","60",
"PO-2568","17390","888337","ivlOY6","222","252",
"PO-2568","17390","0242229014EHG","3CWiuW","67","98",
"PO-2568","17390","F002H600208F8","OZOLvh","80","109",
"PO-2569","17384","F002G40533EHG","PVOq5P","69","82",
"PO-2570","17107","F002G40533EHG","Gyjy3r","69","82",
"PO-2571","17223","DU0305","pD5OPK","50","50",
"PO-2572","17374","17211KTN700S","m4maFp","110","132",
"PO-2572","17374","F002G40533EHG","3yYfjc","69","82",
"PO-2573","17240","1651033G100000","yzEYiG","30","35",
"PO-2573","17240","F002G40533EHG","lbLygs","69","82",
"PO-2574","17413","K3040100","nnAHnG","42","63",
"PO-2574","17413","F002G40093EHG","j3o9Cr","59","82",
"PO-2575","17284","DU0204","igIatm","30","68",
"PO-2576","17434","17211KCC900LS","7rCrSB","60","70",
"PO-2576","17434","17213KCC900LS","lD1rFu","20","30",
"PO-2576","17434","DU0067","2DhZoX","70","86",
"PO-2576","17434","DU0204","NTl7Bp","70","84",
"PO-2576","17434","29K210S","YZkHIJ","30","45",
"PO-2577","17434","K06451KCCA900S","oDEC4u","110","131",
"PO-2577","17434","43120365H70S","DYtA3h","90","110",
"PO-2577","17434","41241GB4770S","qb4XLW","70","80",
"PO-2578","17422","35BE445000","YTCTYV","230","260",
"PO-2578","17422","21CF536400","QFykAi","80","100",
"PO-2579","17382","F002G40533EHG","sCUdo5","69","82",
"PO-2580","17421","0242229014EHG","utOjOC","63","98",
"PO-2581","17290","F002H235538F8","9vspt6","140","168",
"PO-2582","17393","DU0211","BnZ3vi","30","35",
"PO-2582","17393","N9321790","4Csrmq","120","166",
"PO-2582","17393","BOSCHUR5DDC","6WahoC","90","120",
"PO-2583","17378","DU0219","sSB7D4","110","150",
"PO-2583","17378","DU0201","YLhTUC","40","70",
"PO-2583","17378","DU0067","qUBNvK","100","116",
"PO-2585","17427","17211KWPD00","FqesPd","170","199",
"PO-2586","17427","F002G40533EHG","y3aDJ3","69","82",
"PO-2587","17416","F002G40533EHG","KqYb1G","69","82",
"PO-2588","17392","1378033G70000","e842jN","85","95",
"PO-2588","17392","5441033G20000","Iv2Lky","275","306",
"PO-2589","17416","0986AB70008F8","IVCaPa","30","38",
"PO-2590","17418","F002G40533EHG","1A1qlJ","69","82",
"PO-2591","17413","DU0090","8mNkK7","180","250",
"PO-2592","17176","21CF631121","H51Ozd","227","260",
"PO-2593","17176","21CF631200","pPKws7","155","179",
"PO-2594","17380","F002G40533EHG","ikKOdC","69","82",
"PO-2595","17436","570416/N","aIh3CX","55","63",
"PO-2596","17339","17210KVTD00","kaf9Xo","184","199",
"PO-2596","17339","18805KPL900","RAy1F4","35","40",
"PO-2596","17339","06430KRP980","r6lFTe","218","235",
"PO-2596","17339","LUBE0005","fVzVte","80","100",
"PO-2596","17339","LUBE00007","xU3NSK","100","120",
"PO-2597","17339","F002G40127EHG","IS7UpC","65","82",
"PO-2598","17442","F002H235478F8","65q1xb","30","40",
"PO-2598","17442","21CE445000","lcKGzb","190","215",
"PO-2598","17442","F002G40533EHG","vyH43Y","69","82",
"PO-2599","17442","0986AB70008F8","FiGN3U","30","38",
"PO-2600","17420","DU0029","JAMSji","100","130",
"PO-2600","17420","DU0028","m21cYe","100","130",
"PO-2601","17420","21CF536400","cqxPeD","85","100",
"PO-2602","17339","17211KWP900","xip1Fs","163","175",
"PO-2603","17420","DU0220","qowtUa","90","130",
"PO-2603","17420","FEVIQUICK1","AlxYHl","10","10",
"PO-2603","17420","21CF611101","o0hRTR","200","265",
"PO-2603","17420","DU0221","na0uKa","90","130",
"PO-2604","17258","5441028G00000","w0MskH","150","306",
"PO-2605","17396","36DK0015","4M5lnI","55","75",
"PO-2605","17396","DJ151071","wrM4zj","122","142",
"PO-2605","17396","30151105","wUFhz1","139","169",
"PO-2605","17396","F002G40533EHG","fNEB3o","59","82",
"PO-2605","17396","DJ151088","Nm4sTr","125","145",
"PO-2605","17396","0986AB70008F8","RdDM3j","25","38",
"PO-2606","17462","F002G40533EHG","xA6jSB","59","82",
"PO-2607","17326","DU0211","xt0cuV","30","44",
"PO-2607","17326","N9321790","0rkRF9","120","166",
"PO-2607","17326","BOSCHUR5DDC","7O9wGH","90","120",
"PO-2607","17326","DU0049","X9A8xa","50","83",
"PO-2608","17326","0986AB70008F8","HT0mQm","30","38",
"PO-2608","17326","1181150","VnFMcx","140","163",
"PO-2608","17326","DU0201","qrOrGJ","48","68",
"PO-2609","17202","F002G40533EHG","EAjsuE","69","82",
"PO-2610","17229","5011987006713","GTjLpx","337","425",
"PO-2610","17229","1651033G100000","sU6Oi0","25","35",
"PO-2610","17229","F002G40533EHG","Av8peg","59","82",
"PO-2610","17229","0986AB70008F8","SPJzj4","25","38",
"PO-2610","17229","06455KSP305","fMLaRK","320","360",
"PO-2611","17399","F002G40533EHG","ETRKx0","69","82",
"PO-2612","17466","SUBLET0026","KYqg3g","250","250",
"PO-2613","17428","5011987164062","2ZnRPl","270","333",
"PO-2613","17428","1378033G70000","pMI1IK","85","95",
"PO-2613","17428","5441033G20000","8B6vgv","280","306",
"PO-2613","17428","1651033G100000","H0UPWj","30","35",
"PO-2614","17406","12211KZAW00S","uUtAig","145","171",
"PO-2614","17406","0986AB70008F8","nQQJ0A","15","38",
"PO-2615","17457","30151105","hJxqaF","140","169",
"PO-2615","17457","F002G40533EHG","lJ7RKp","69","82",
"PO-2616","17457","0986AB70008F8","rbg8Vn","30","38",
"PO-2617","17459","11341KPL840","ipamcY","880","982",
"PO-2617","17459","28250KPL840","7pI7pm","270","303",
"PO-2617","17459","26300KPL900","bveenl","225","258",
"PO-2617","17459","28230KPL900","6OipVi","230","280",
"PO-2617","17459","DU1206","bKqzaX","10","19",
"PO-2618","17408","DH151062","3WvSH8","320","358",
"PO-2619","17453","F002G40533EHG","aeNwfu","69","82",
"PO-2619","17453","FXR0-12XR9-B","gkinaR","1550","1851",
"PO-2620","17251","MOTUL15W504T3000","qmk2FA","750","870",
"PO-2620","17251","F002G40533EHG","I0ehIB","69","82",
"PO-2621","17465","5011987006713","AHprJa","337","425",
"PO-2621","17465","06430KWP900","UPzDMr","200","235",
"PO-2621","17465","F002G40533EHG","B3QVoF","59","82",
"PO-2622","17365","DU0095","gq0CEV","10","18",
"PO-2622","17365","F002G40533EHG","mUswLL","69","82",
"PO-2623","17414","F002G40533EHG","OqE1uw","69","82",
"PO-2623","17414","DJ151071","OFPjt2","120","142",
"PO-2623","17414","0986AB70008F8","Zb71ul","30","38",
"PO-2623","17414","36PD0003","4lH2xN","1450","1509",
"PO-2624","17471","30151105","VqNkXr","149","169",
"PO-2625","17477","0986AB70008F8","GMKger","25","38",
"PO-2625","17477","06430KRP980","SWpM47","200","235",
"PO-2626","17276","F002G40533EHG","SUYrXB","69","82",
"PO-2627","17479","DJ151088","sBXQo2","125","145",
"PO-2627","17479","LUBE0003","fun9XW","70","100",
"PO-2628","17449","17211KPL841","vGbWcK","140","168",
"PO-2629","17470","FXL0-XLTZ9","15euWo","2000","2216",
"PO-2630","17470","30151076","qgQdgx","125","145",
"PO-2630","17470","JG571014","3sV2N9","54","74",
"PO-2630","17470","UR3DI30","bJK8yF","150","200",
"PO-2630","17470","JG571016","G4X1J5","5","15",
"PO-2630","17470","LUBE0003","nOm9pv","60","100",
"PO-2631","17469","F002G40093EHG","KlCBDI","69","82",
"PO-2632","17475","ShellS2G90","0O0m4V","117","138",
"PO-2633","17468","DK181034","0vRQQJ","580","636",
"PO-2633","17468","DU0136","cz4JPE","10","15",
"PO-2633","17468","DU0136","qAWL2b","10","15",
"PO-2633","17468","DU0136","fkzcXt","10","15",
"PO-2633","17468","DU0136","6XykTt","10","15",
"PO-2633","17468","AL201012","km2zj3","10","15",
"PO-2634","17437","LUBE0003","im6qN4","60","100",
"PO-2635","17468","F002G40533EHG","CfRvpE","69","82",
"PO-2636","17473","DJ151071","gb4rHa","122","142",
"PO-2636","17473","30151105","IYS4f1","139","169",
"PO-2637","17437","17211KCC900LS","8hZ56x","60","70",
"PO-2637","17437","17213KCC900LS","r7QvLw","25","30",
"PO-2638","17473","LUBE0003","PFA5RY","60","100",
"PO-2639","17443","DU0090","zbhOTa","155","257",
"PO-2639","17443","DU0067","dI8VMV","90","110",
"PO-2640","17443","OTHER001","xZfJt8","280","300",
"PO-2641","17483","F002G40533EHG","aII5H1","69","82",
"PO-2642","17489","UR3DI30","DhmzP6","150","200",
"PO-2643","17394","83020407","FOmDQe","30","41",
"PO-2643","17394","F002G40533EHG","1UWXk3","59","82",
"PO-2643","17394","0986AB70008F8","FyxDMT","25","38",
"PO-2643","17394","LUBE0003","M3INsz","60","100",
"PO-2644","17405","BOLT1","pBhDS4","30","35",
"PO-2645","17502","LUBE0003","MzKF0g","80","100",
"PO-2646","17503","LUBE0003","HrzGkt","80","100",
"PO-2647","17440","DU0071","2rSnv8","130","180",
"PO-2647","17440","DU0072","03BlNC","130","180",
"PO-2647","17440","DU0044","agvMYQ","60","90",
"PO-2647","17440","DU0073","BkdJ2s","90","110",
"PO-2647","17440","DU0156","9WlZmB","70","90",
"PO-2647","17440","94568B5128","qtx849","918","1020",
"PO-2647","17440","21CF544000","KWM3vq","315","350",
"PO-2647","17440","9382214800","R2yteF","113","125",
"PO-2647","17440","21CE633100","rYxF0q","117","130",
"PO-2647","17440","21CE633100","K0mRaf","117","130",
"PO-2647","17440","54BE632100","6K7pQo","144","160",
"PO-2647","17440","54BE632100","5oY9ei","144","160",
"PO-2647","17440","DU0259","cEgH3p","40","54",
"PO-2647","17440","21CF633502","mC10sA","120","140",
"PO-2647","17440","LUBE0003","13ZISL","60","100",
"PO-2648","17421","4580037/H","Hq3JNJ","272","275",
"PO-2648","17421","580038/F","TtLO0I","98","98",
"PO-2649","17494","DJ151088","aI2VJu","125","145",
"PO-2649","17494","LUBE0003","VubtMR","60","100",
"PO-2650","17460","597463","FFuOl5","1450","1790",
"PO-2652","17493","F002G40533EHG","RXF4wc","69","82",
"PO-2652","17493","DJ151071","ALeTAp","110","142",
"PO-2653","17493","36DH4061","PUiufF","75","85",
"PO-2654","17498","DJ151071","LIg9ju","110","142",
"PO-2654","17498","F002G40533EHG","f9ONtu","69","82",
"PO-2654","17498","36DH4061","E4nxCV","75","85",
"PO-2655","17498","30151105","0gbk88","140","169",
"PO-2656","17312","5011987164062","3v3L5q","270","333",
"PO-2656","17312","1651033G100000","s9qhRb","30","35",
"PO-2657","17506","F002G40533EHG","MWfoFH","69","82",
"PO-2658","17397","DU0223","cbrMAI","10","30",
"PO-2658","17397","DU0224","mgyhOK","10","20",
"PO-2658","17397","5441033G20000","6Og4eA","270","306",
"PO-2659","17485","17211KVN900S","PVvis2","110","130",
"PO-2659","17485","F002G40533EHG","MGCfma","69","82",
"PO-2659","17485","36DH4061","XALS4U","75","85",
"PO-2660","17521","N9111300","ksXk32","230","275",
"PO-2660","17521","LUBE0003","t8Lm9s","60","100",
"PO-2661","17485","DU0187","k8Adx5","30","45",
"PO-2661","17485","DU0187","3jPQBK","30","45",
"PO-2662","17445","DU0067","IsUOYa","90","113",
"PO-2662","17445","DU0204","5FiL4B","20","43",
"PO-2663","17518","SUBLET0026","l6J4Tf","50","80",
"PO-2664","17527","1651033G100000","V2Rk8D","30","42",
"PO-2664","17527","F002G40533EHG","X1gOqS","69","82",
"PO-2664","17527","36DH4061","IWbK9T","75","85",
"PO-2665","17499","DH111072","XnYsB0","828","919",
"PO-2666","17364","SUBLET0019","zZ6c2N","1","100",
"PO-2667","17499","BOSCHUR5DDC","zrDT2y","70","120",
"PO-2668","17529","SUBLET0026","2HQ9xO","100","120",
"PO-2669","17519","51334KPL900","5Dd2hr","80","92",
"PO-2669","17519","06430KWP900","7gpqcb","200","235",
"PO-2670","17524","CLUTCHCABLE1","RjukXm","110","135",
"PO-2671","17530","9240035200EHG","CwRu7U","59","82",
"PO-2672","17533","DG151096","Wgq3t3","172","202",
"PO-2672","17533","DG121010","dKfvMC","38","68",
"PO-2672","17533","30151076","f0WfjG","122","145",
"PO-2672","17533","LUBE0003","RdH8cX","60","100",
"PO-2672","17533","LUBE00006","0JnmQG","70","120",
"PO-2673","17498","36JC0002","eQeqs7","1280","1376",
"PO-2674","17402","DK201078","02mnu9","220","247",
"PO-2674","17402","DJ201246","2isRBe","90","104",
"PO-2675","17468","DU0241","lHKDFH","10","28",
"PO-2676","17522","SUBLET0017","sfcYmG","100","150",
"PO-2677","17528","DU0316","JYy7Yl","200","242",
"PO-2678","17528","06430KWP900","AWttjz","200","235",
"PO-2679","17536","597457","r4Sb4J","1300","1667",
"PO-2680","17540","UR3DI30","7c71t8","150","200",
"PO-2681","17530","Petrol","POc8Sy","100","100",
"PO-2682","17541","F002G40533EHG","T3kAjz","69","82",
"PO-2683","17541","OTHER002","Bn96O9","100","100",
"PO-2684","17440","SUBLET0019","xAaV1t","1","100",
"PO-2685","17498","SUBLET0017","mCpIBd","100","150",
"PO-2685","17498","SUBLET0019","yifNGP","80","100",
"PO-2686","17528","DU0321","YrbQk7","1300","1650",
"PO-2687","17507","F002G40093EHG","kA81EP","69","82",
"PO-2688","17528","SUBLET0021","xknxlo","100","100",
"PO-2689","17441","MOTUL15W504T3000","NXdyhe","750","855",
"PO-2689","17441","F002G40533EHG","EPIEdV","69","82",
"PO-2690","17450","F002G40093EHG","Fk9bNf","69","82",
"PO-2691","17447","F002G40093EHG","OVTFFE","69","82",
"PO-2692","17487","PETROLTAP1","W0AwNh","60","88",
"PO-2693","17487","141545","uHu1fh","10","18",
"PO-2694","17508","F002G40533EHG","6v96Qj","69","82",
"PO-2695","17377","F002G40533EHG","XudFUl","69","82",
"PO-2696","17542","DJ151071","Ktobcj","120","142",
"PO-2696","17542","30151105","lhZyev","130","169",
"PO-2696","17542","F002G40533EHG","SNn3w1","69","82",
"PO-2697","17421","888309","3RxNsm","123","137",
"PO-2698","17542","0986AB70008F8","zNGy5X","30","38",
"PO-2699","17460","143134","npSWKf","64","72",
"PO-2699","17460","592281/A","1C3J85","135","150",
"PO-2699","17460","560524/B","HS564l","159","175",
"PO-2699","17460","591993/C","G8v5rZ","377","419",
"PO-2699","17460","DU0202","LKcKiw","210","256",
"PO-2699","17460","570416/N","wkwUYJ","55","63",
"PO-2700","17224","DJ151071","6qLxkS","120","142",
"PO-2700","17224","F002G40533EHG","47Lrha","69","82",
"PO-2701","17224","83020407","7mXMMM","30","41",
"PO-2701","17224","0986AB70008F8","t83jYR","30","38",
"PO-2702","17469","FXR0-12XR5L-B","UjaBro","1212","1526",
"PO-2703","17555","F002G40093EHG","9KVSLd","69","82",
"PO-2703","17555","17211HPA000","QrU0oz","80","100",
"PO-2704","17467","BOSCHWQR8DC","TMs58a","65","98",
"PO-2705","17511","DJ151071","2ThKzI","122","142",
"PO-2705","17511","DG151096","yeUDyo","172","202",
"PO-2705","17511","BOSCHUR5DDC","rXMZzW","70","120",
"PO-2706","17549","41241KTC900S","t8nTKE","60","80",
"PO-2707","17401","K4220040","eK9SEB","1300","1404",
"PO-2708","17561","0242229014EHG","5vkdYO","78","98",
"PO-2708","17561","BOSCHUR5DDC","N243JG","90","120",
"PO-2708","17561","888337","5w1wlj","230","252",
"PO-2709","17476","F002G40533EHG","ik8pW4","59","82",
"PO-2709","17476","21CF536400","YVqxDn","85","100",
"PO-2710","17568","5011987011403","igLyi5","250","297",
"PO-2710","17568","18805KPL900","c5VLGQ","35","40",
"PO-2710","17568","F002G40517EHG","ncdGML","65","82",
"PO-2710","17568","43125KRP981S","GH9z94","207","230",
"PO-2710","17568","LUBE0005","CNHm8Q","80","100",
"PO-2710","17568","LUBE00007","I4N5u5","100","120",
"PO-2711","17517","17211KYJ710","4s7msk","275","308",
"PO-2711","17517","06455KYJ711","JcoYpO","750","866",
"PO-2711","17517","DU0224","3LdHu3","10","20",
"PO-2711","17517","DU0224","8qrWcf","10","20",
"PO-2712","17559","1651033G100000","Mi3dYr","30","35",
"PO-2713","17559","1651033G100000","DMnq1R","30","35",
"PO-2714","17388","DJ201176","y3iFQw","1050","1154",
"PO-2715","17513","06430KWP900","A58D6N","205","235",
"PO-2715","17513","F002G40533EHG","4tcE5w","69","82",
"PO-2716","17560","83020407","f3tA7Q","30","41",
"PO-2716","17560","83020407","V9kj78","30","41",
"PO-2716","17560","DJ151071","ZMg8hd","110","142",
"PO-2716","17560","F002G40533EHG","oPcTvg","69","82",
"PO-2717","17534","21CF633500","oNnGIn","120","140",
"PO-2718","17560","0986AB70008F8","1qr4uK","30","38",
"PO-2719","17576","18805KPL900","UPiMHo","15","30",
"PO-2719","17576","F002G40533EHG","IPH4Ue","69","82",
"PO-2719","17576","06430KWP900","EYpQqh","205","235",
"PO-2720","17224","PD402207","JfSQbD","90","111",
"PO-2721","17565","17211HPA000","cWNdwq","80","100",
"PO-2721","17565","F002G40093EHG","9yewiH","69","82",
"PO-2722","17572","3.50.10Tube","yOlhVj","200","242",
"PO-2722","17572","3.50.10Tube","hRXjHp","200","242",
"PO-2723","16858","560195/A","uUr5kb","280","300",
"PO-2723","16858","SPEEDOMETERBULB1","uyXSm8","10","20",
"PO-2724","16858","570261/B","m60CV0","187","187",
"PO-2725","17550","6465135J00000","6VxUlc","122","122",
"PO-2725","17550","6465135J00000","inNRN1","122","122",
"PO-2726","17572","DU0305","WgHXpR","60","60",
"PO-2726","17572","DU0305","PK1yR8","60","60",
"PO-2727","17145","1GCXF82660H6","pVLtmx","677","752",
"PO-2728","17485","LEVERBOLT","Md6O40","10","17",
"PO-2729","17401","K6150200","4WaRNd","60","63",
"PO-2729","17401","K3160670","w8vZlK","270","298",
"PO-2730","17468","OTHER002","YyINFa","80","100",
"PO-2730","17468","SUBLET0019","mwSujc","250","300",
"PO-2731","17554","93306203X2","kI5tB8","75","89",
"PO-2731","17554","93306203X2","FC2nNX","75","89",
"PO-2732","17460","SUBLET0017","JJmCaL","100","150",
"PO-2732","17460","SUBLET0019","7y27RW","1","100",
"PO-2733","17468","AL201012","BBKvTh","70","94",
"PO-2734","17460","SUBLET0007","MJjfDW","100","450",
"PO-2735","17591","F002G40127EHG","98XmLd","65","82",
"PO-2735","17591","F002G40127EHG","FGcDfA","65","82",
"PO-2736","17534","TYRE002","fFl1X5","3250","3400",
"PO-2736","17534","CHAINSPROCKET1","rdIuLM","1420","1495",
"PO-2736","17534","DU0303","TKOaBz","60","100",
"PO-2736","17534","FEVIQUICK1","49kfZe","5","5",
"PO-2736","17534","FEVIQUICK1","0XWQHW","5","5",
"PO-2737","17541","SUBLET0017","5wGYyN","100","150",
"PO-2738","17591","DK121009","l1Mh9U","80","92",
"PO-2739","17591","LUBE0003","rmF2RU","80","100",
"PO-2739","17591","LUBE00006","XnyiFT","100","120",
"PO-2740","17534","SUBLET0026","FNp8ZE","80","100",
"PO-2740","17534","SUBLET0017","FqkPks","100","150",
"PO-2741","17608","F002G40533EHG","KXmBWf","69","82",
"PO-2741","17608","18805KPL900","28B9E8","15","30",
"PO-2742","17517","07000RDL900","m3GJtG","100","200",
"PO-2743","17570","DU0316","88HXpF","200","242",
"PO-2744","17555","5011987011403","d6bPlB","270","313",
"PO-2745","17570","SUBLET0021","6x9nmz","50","80",
"PO-2746","17562","DU0007","cxLHTc","45","90",
"PO-2747","17564","1651033G100000","TE8Hl8","30","35",
"PO-2748","17607","DU0128","AoPONC","35","48",
"PO-2749","17158","16100KRY901S","WmKoi2","5300","5550",
"PO-2750","17512","DH171013","49XWcv","30","45",
"PO-2750","17512","DH171013","ZLfkSt","30","45",
"PO-2750","17512","DH171014","jd9ukV","25","39",
"PO-2751","17531","DJ151071","2zTMXV","110","142",
"PO-2751","17531","30151105","D9CB3A","130","169",
"PO-2751","17531","F002G40533EHG","Eb5KxP","69","82",
"PO-2752","17531","0986AB70008F8","5ng5sb","30","38",
"PO-2753","17563","83020407","fg2MTm","30","41",
"PO-2753","17563","83020407","eH3xHu","30","41",
"PO-2753","17563","DJ151071","m3ojJj","110","142",
"PO-2753","17563","F002G40533EHG","GgIOYg","69","82",
"PO-2754","17522","36JW0014","4zIQUs","80","89",
"PO-2754","17522","DS109905","zVINR1","200","226",
"PO-2754","17522","36JZ0114","JuCmU3","1710","1896",
"PO-2754","17522","JA521017","eePSxJ","175","196",
"PO-2754","17522","JZ551413","jIg3AU","1200","1334",
"PO-2754","17522","JA621414","hWYvVs","470","523",
"PO-2754","17522","36JZ0072","z5oITL","305","339",
"PO-2754","17522","36JE0003","8W6BNv","75","82",
"PO-2754","17522","DU0066","iNja3P","120","146",
"PO-2755","17598","DJ151071","I4wt4G","110","142",
"PO-2755","17598","30151105","j0S9I8","130","169",
"PO-2755","17598","F002G40533EHG","DVVoHh","69","82",
"PO-2755","17598","DU0213","V57aK3","30","40",
"PO-2756","17522","DJ151088","9W8BQ8","125","145",
"PO-2757","17575","DJ151067","TQsNHI","960","1056",
"PO-2757","17575","5011987003811","LK7UHl","270","335",
"PO-2757","17575","DU0213","j4TJAq","30","40",
"PO-2758","17515","5011987003811","HyUzrB","270","335",
"PO-2758","17515","36DK0015","SIv8h1","55","75",
"PO-2758","17515","DJ151071","uLdmkX","110","142",
"PO-2758","17515","30151105","VeNYnn","130","169",
"PO-2758","17515","F002G40533EHG","IL2xqY","69","82",
"PO-2759","17546","DU0003","zRDpV3","165","239",
"PO-2759","17546","DU0003","bLhLQb","165","239",
"PO-2760","17546","1271033G50000","CqHgye","750","814",
"PO-2760","17546","1210128G000E0","btlV3L","500","552",
"PO-2760","17546","1121033G600E0","OlJFM2","1300","1410",
"PO-2760","17546","1215120G00000","mvmFOs","53","62",
"PO-2760","17546","938114001000","6TAlOb","6","24",
"PO-2760","17546","DU0169","7xHKPp","60","89",
"PO-2760","17546","DU0045","jeUjFU","45","87",
"PO-2760","17546","1276020G30000","z79UOK","255","280",
"PO-2760","17546","1283009G50000","3BsIu3","200","221",
"PO-2761","17307","DU0073","b33wXV","90","110",
"PO-2762","17546","1631033G10000","wt6M8i","140","150",
"PO-2762","17546","1640033G10000","loAmx7","205","280",
"PO-2762","17546","1284033G70000","Lc9M6Q","202.5","221",
"PO-2763","17546","1651033G100000","CTDIom","30","35",
"PO-2763","17546","1284033G70000","QZg9f3","202.5","221",
"PO-2764","17564","LOCKSET","ZXZE6C","820","912",
"PO-2765","17546","1220046G30000","OUYcfy","3670","3888",
"PO-2766","17623","17211KTN700S","wV0FxD","119","132",
"PO-2766","17623","JA351209","OBEDlQ","70","78",
"PO-2766","17623","06455KCC841S","uKeJGR","324","360",
"PO-2766","17623","LUBE0003","s9yRYj","80","100",
"PO-2766","17623","LUBE00006","0bIRAf","100","120",
"PO-2766","17623","43125KRP981S","sDfKwm","207","230",
"PO-2767","17583","18805KPL900","skQmDp","25","30",
"PO-2767","17583","06430KWP900","xta88t","200","235",
"PO-2768","17557","DU0223","mN5eX4","10","20",
"PO-2769","17562","CHAINSPROCKET1","RcdsA5","1070","1150",
"PO-2769","17562","DU0060","CEM44h","220","244",
"PO-2769","17562","DU0261","5jT8Fu","50","70",
"PO-2769","17562","SUBLET0017","OtuOOv","100","150",
"PO-2770","17522","SUBLET0019","KuP0iX","1","100",
"PO-2770","17522","SUBLET0001","7TEaRg","340","1200",
"PO-2771","17515","5011987003811","6pQCLH","255","335",
"PO-2771","17515","36DK0015","hLs4vp","55","75",
"PO-2771","17515","DJ151071","C884j8","122","142",
"PO-2771","17515","30151105","HNmqz1","139","169",
"PO-2771","17515","F002G40533EHG","v6LF1p","59","82",
"PO-2771","17515","DJ151088","ovtfRi","125","145",
"PO-2771","17515","DU0213","RChu77","25","38",
"PO-2772","17557","FUSE1","eOSriQ","10","20",
"PO-2773","17639","DU0316","zt1dSm","200","230",
"PO-2773","17639","SUBLET0021","sFYFbg","60","60",
"PO-2774","17612","DU0303","6qZggB","100","150",
"PO-2775","17467","593236/A","dWuenH","575","639",
"PO-2776","17606","F002G40127EHG","1MHC6u","65","82",
"PO-2776","17606","30151076","vjsL8R","129","145",
"PO-2776","17606","DU0188","TteEVS","80","101",
"PO-2776","17606","DU0188","h4Br99","80","101",
"PO-2776","17606","DG181023","nAPMj7","65","72",
"PO-2776","17606","DG181023","DDMKVC","65","72",
"PO-2777","17612","SUBLET0019","CkdHsd","50","100",
"PO-2778","17606","LUBE0003","qSfTtL","80","100",
"PO-2778","17606","LUBE00006","9PR7kv","100","120",
"PO-2779","17606","F002G40127EHG","54ipNj","65","82",
"PO-2780","17649","591992/B","MORX7k","40","40",
"PO-2781","17659","21CE344000","th51Zk","38","40",
"PO-2781","17659","21CF536400","Xz5UBd","93","100",
"PO-2782","17659","20PE445000","0urpgb","220","240",
"PO-2782","17659","F002G40127EHG","Dbi5OF","65","82",
"PO-2782","17659","5D9W004501","KFsiE3","470","515",
"PO-2782","17659","20PW004600","nkZVEb","634","690",
"PO-2783","17659","LUBE0003","A2gLnE","80","100",
"PO-2783","17659","LUBE00006","v9PG9W","100","120",
"PO-2784","17596","UBUSH","02N8JS","10","22",
"PO-2784","17596","UBUSH","VyNTpV","10","22",
"PO-2784","17596","UBUSH","2GWi9H","10","22",
"PO-2785","null","5011987003811","wY7lBv","264.5","335",
"PO-2785","null","5011987003811","iM6SCq","264.5","335",
"PO-2785","null","5011987003811","rMz9tf","264.5","335",
"PO-2785","null","5011987003811","9i9kEQ","264.5","335",
"PO-2785","null","5011987003811","3bOFmV","264.5","335",
"PO-2785","null","5011987003811","DWdOwg","264.5","335",
"PO-2785","null","5011987003811","oxmWRs","264.5","335",
"PO-2785","null","5011987003811","JH8QG4","264.5","335",
"PO-2785","null","5011987003811","8Y404h","264.5","335",
"PO-2785","null","5011987003811","JmTZMn","264.5","335",
"PO-2785","null","5011987003811","r5PsNZ","264.5","335",
"PO-2785","null","5011987003811","tPxnJY","264.5","335",
"PO-2785","null","5011987006713","IIGATh","337.00333","425",
"PO-2785","null","5011987006713","mUh5l6","337.00333","425",
"PO-2785","null","5011987006713","D1c8FR","337.00333","425",
"PO-2785","null","5011987006713","M26SCg","337.00333","425",
"PO-2785","null","5011987006713","dQNbAf","337.00333","425",
"PO-2785","null","5011987006713","Epmd16","337.00333","425",
"PO-2785","null","5011987006713","80gV70","337.00333","425",
"PO-2785","null","5011987006713","2kNjQz","337.00333","425",
"PO-2785","null","5011987006713","98kxnA","337.00333","425",
"PO-2785","null","5011987006713","hTnTXw","337.00333","425",
"PO-2785","null","5011987006713","SlO12W","337.00333","425",
"PO-2785","null","5011987006713","5ICbUI","337.00333","425",
"PO-2785","null","5011987006713","8wEdZT","337.00333","425",
"PO-2785","null","5011987006713","YmXR83","337.00333","425",
"PO-2785","null","5011987006713","RwMFPR","337.00333","425",
"PO-2785","null","5011987006713","fedxep","337.00333","425",
"PO-2785","null","5011987006713","Ju6S2Q","337.00333","425",
"PO-2785","null","5011987006713","gQ5Ewd","337.00333","425",
"PO-2785","null","5011987006713","guZixv","337.00333","425",
"PO-2785","null","5011987006713","ssLFXJ","337.00333","425",
"PO-2785","null","5011987006713","x01LAL","337.00333","425",
"PO-2785","null","5011987006713","5eqvLG","337.00333","425",
"PO-2785","null","5011987006713","pF2idx","337.00333","425",
"PO-2785","null","5011987006713","tlaRTx","337.00333","425",
"PO-2785","null","5011987006713","6LzQdq","337.00333","425",
"PO-2785","null","5011987006713","oXkHEW","337.00333","425",
"PO-2785","null","5011987006713","1AxfxH","337.00333","425",
"PO-2785","null","5011987006713","U6hmgO","337.00333","425",
"PO-2785","null","5011987006713","bcQUZG","337.00333","425",
"PO-2785","null","5011987006713","pF4fxX","337.00333","425",
"PO-2785","null","5011987006713","0lzlYc","337.00333","425",
"PO-2785","null","5011987006713","PYRRUo","337.00333","425",
"PO-2785","null","5011987006713","mNcBFY","337.00333","425",
"PO-2785","null","5011987006713","lsSnmf","337.00333","425",
"PO-2785","null","5011987006713","f9YW82","337.00333","425",
"PO-2785","null","5011987006713","ekyUXL","337.00333","425",
"PO-2785","null","5011987006713","xlb59o","337.00333","425",
"PO-2785","null","5011987006713","sOpuUl","337.00333","425",
"PO-2785","null","5011987006713","JXllXn","337.00333","425",
"PO-2785","null","5011987006713","fQgUKG","337.00333","425",
"PO-2785","null","5011987006713","ortKCh","337.00333","425",
"PO-2785","null","5011987006713","Pv0YBC","337.00333","425",
"PO-2785","null","5011987006713","rMge9y","337.00333","425",
"PO-2785","null","5011987006713","cCNL3x","337.00333","425",
"PO-2785","null","5011987006713","vor0jH","337.00333","425",
"PO-2785","null","5011987006713","OMkzSZ","337.00333","425",
"PO-2785","null","5011987006713","FdbEfN","337.00333","425",
"PO-2785","null","5011987006713","Favdpo","337.00333","425",
"PO-2785","null","5011987006713","Wunvlc","337.00333","425",
"PO-2785","null","5011987006713","GBjo3E","337.00333","425",
"PO-2785","null","5011987006713","8ltvdP","337.00333","425",
"PO-2785","null","5011987006713","hiqFId","337.00333","425",
"PO-2785","null","5011987006713","dUCatx","337.00333","425",
"PO-2785","null","5011987006713","CnaKg4","337.00333","425",
"PO-2785","null","5011987006713","1wS1TF","337.00333","425",
"PO-2785","null","5011987006713","6Q0pyU","337.00333","425",
"PO-2785","null","5011987006713","fTtFzf","337.00333","425",
"PO-2785","null","5011987006713","CplyIu","337.00333","425",
"PO-2785","null","5011987006713","QEJya1","337.00333","425",
"PO-2785","null","5011987006713","hZMaO8","337.00333","425",
"PO-2785","null","Shell15w503000","fDXUmG","821.00625","1200",
"PO-2785","null","Shell15w503000","Ta8AdK","821.00625","1200",
"PO-2785","null","Shell15w503000","s1kjD9","821.00625","1200",
"PO-2785","null","Shell15w503000","QSM6Uf","821.00625","1200",
"PO-2785","null","Shell15w503000","8wz7Dx","821.00625","1200",
"PO-2785","null","Shell15w503000","2FIdfL","821.00625","1200",
"PO-2785","null","Shell15w503000","Qc296i","821.00625","1200",
"PO-2785","null","Shell15w503000","KaDoeD","821.00625","1200",
"PO-2785","null","5011987011403","oMA2CH","225.0002083","312",
"PO-2785","null","5011987011403","wuxzLQ","225.0002083","312",
"PO-2785","null","5011987011403","slNxgJ","225.0002083","312",
"PO-2785","null","5011987011403","mM1BN5","225.0002083","312",
"PO-2785","null","5011987011403","nZOX99","225.0002083","312",
"PO-2785","null","5011987011403","2LKPao","225.0002083","312",
"PO-2785","null","5011987011403","BbIkit","225.0002083","312",
"PO-2785","null","5011987011403","Sbb91S","225.0002083","312",
"PO-2785","null","5011987011403","wFX0XO","225.0002083","312",
"PO-2785","null","5011987011403","hDnVgm","225.0002083","312",
"PO-2785","null","5011987011403","wkEmkF","225.0002083","312",
"PO-2785","null","5011987011403","cgqebJ","225.0002083","312",
"PO-2785","null","5011987011403","bmAec6","225.0002083","312",
"PO-2785","null","5011987011403","D1slXw","225.0002083","312",
"PO-2785","null","5011987011403","f7twRl","225.0002083","312",
"PO-2785","null","5011987011403","fJtJ7E","225.0002083","312",
"PO-2785","null","5011987011403","Xm1K0I","225.0002083","312",
"PO-2785","null","5011987011403","gjsDWi","225.0002083","312",
"PO-2785","null","5011987011403","DAlNkN","225.0002083","312",
"PO-2785","null","5011987011403","kJLiLM","225.0002083","312",
"PO-2785","null","5011987011403","wb69ih","225.0002083","312",
"PO-2785","null","5011987011403","Iz1g6m","225.0002083","312",
"PO-2785","null","5011987011403","0MOqQa","225.0002083","312",
"PO-2785","null","5011987011403","jTkmLt","225.0002083","312",
"PO-2785","null","5011987011403","VlC5bH","225.0002083","312",
"PO-2785","null","5011987011403","TxD7vB","225.0002083","312",
"PO-2785","null","5011987011403","lY6QCA","225.0002083","312",
"PO-2785","null","5011987011403","uWbEDo","225.0002083","312",
"PO-2785","null","5011987011403","xbsFwj","225.0002083","312",
"PO-2785","null","5011987011403","nARPr9","225.0002083","312",
"PO-2785","null","5011987011403","wQ1pAf","225.0002083","312",
"PO-2785","null","5011987011403","GLW5e2","225.0002083","312",
"PO-2785","null","5011987011403","JdS0No","225.0002083","312",
"PO-2785","null","5011987011403","7Qbr4U","225.0002083","312",
"PO-2785","null","5011987011403","tUS7if","225.0002083","312",
"PO-2785","null","5011987011403","1cx88G","225.0002083","312",
"PO-2785","null","5011987011403","vIHwwe","225.0002083","312",
"PO-2785","null","5011987011403","8Ww54W","225.0002083","312",
"PO-2785","null","5011987011403","gn95QC","225.0002083","312",
"PO-2785","null","5011987011403","xiwso8","225.0002083","312",
"PO-2785","null","5011987011403","OsKrgb","225.0002083","312",
"PO-2785","null","5011987011403","NyhSW0","225.0002083","312",
"PO-2785","null","5011987011403","y0l66W","225.0002083","312",
"PO-2785","null","5011987011403","i9yw7b","225.0002083","312",
"PO-2785","null","5011987011403","jKJAAN","225.0002083","312",
"PO-2785","null","5011987011403","kTIIbZ","225.0002083","312",
"PO-2785","null","5011987011403","gnLMB2","225.0002083","312",
"PO-2785","null","5011987011403","GWqMHw","225.0002083","312",
"PO-2786","17601","F002G40533EHG","hAOJHH","59","82",
"PO-2787","17562","SUBLET0019","GIexNP","50","100",
"PO-2787","17562","SUBLET0013","L4DnHP","50","60",
"PO-2788","null","0986AB70008F8","zgKtGq","2","3",
"PO-2789","17588","5011987006713","GCDQJP","337","425",
"PO-2789","17588","F002H235478F8","H4nxS5","25","40",
"PO-2789","17588","21CE445000","EsZhsp","185","215",
"PO-2789","17588","1GCF530K00","frOXYU","166","296",
"PO-2789","17588","F002G40533EHG","sIQe2V","59","82",
"PO-2789","17588","21CF536400","uXlMqs","85","100",
"PO-2789","17588","DU0213","Ye2ADh","25","38",
"PO-2790","17603","0986AB70008F8","mDTa1h","25","38",
"PO-2791","17596","SUBLET0017","miDdlR","100","150",
"PO-2791","17596","SUBLET0019","VP6KRV","50","100",
"PO-2792","17663","F002H102338F8","MylpFO","59","82",
"PO-2793","17663","1GCF530K00","l8U3w1","256","296",
"PO-2794","17596","BRAKELEVER1","uNgNbE","40","70",
"PO-2795","17663","DU0216","OIfXxb","60","89",
"PO-2796","17546","OILSEAL1","ebqfGe","115","170",
"PO-2797","17546","SUBLET0017","Ge8RtI","100","150",
"PO-2797","17546","SUBLET0019","qRILxv","50","100",
"PO-2797","17546","SUBLET0001","FFHqZE","850","1200",
"PO-2798","17546","PACKINGKIT1","GVkJLn","270","377",
"PO-2799","null","DV111001","XOMnNU","620","773",
"PO-2800","17585","BRAKESHOE1","DKk6d2","200","245",
"PO-2801","17573","IndicatorBulb1","DlXIY0","10","20",
"PO-2801","17573","N3320510","3xvXp3","30","41",
"PO-2802","17573","5011987164062","ALVRFp","270","333",
"PO-2802","17573","1378033G70000","2gFcwE","85","95",
"PO-2802","17573","9240035200EHG","UJeCMg","69","82",
"PO-2802","17573","5441033G20000","JLWnXq","275","306",
"PO-2802","17573","1651033G100000","G8ZoxZ","30","35",
"PO-2802","17573","99510300988F8","vq93Vp","10","30",
"PO-2802","17573","LUBE0005","fOUg6l","30","50",
"PO-2802","17573","LUBE00007","tCbYJu","50","70",
"PO-2803","17581","F002H235478F8","cewlwr","25","40",
"PO-2803","17581","21CE445000","Ilkk6f","200","215",
"PO-2804","17158","DU0071","4oxuhx","98","119",
"PO-2804","17158","DU0072","4elqmA","98","119",
"PO-2805","17626","F002H235478F8","6ka72L","25","40",
"PO-2805","17626","54BE445000","egi2wQ","200","215",
"PO-2806","17626","DU0213","aoyFrq","30","40",
"PO-2807","17665","F002G40093EHG","Uf6qJ9","70","82",
"PO-2808","17622","21CF633502","v9IEoF","124","124",
"PO-2809","17585","DU0095","jaJnHQ","40","55",
"PO-2809","17585","DU0088","gqb9C0","30","50",
"PO-2810","17695","DU0225","gFcmGh","10","20",
"PO-2810","17695","DU0225","ouNz8S","10","20",
"PO-2811","17586","K3040100","EFRv4F","55","65",
"PO-2812","17626","DU0083","tpQFUl","280","318",
"PO-2812","17626","DU0060","rQDkYz","250","350",
"PO-2813","17653","DU0239","ammOTL","120","280",
"PO-2813","17653","BATTERYBELT1","WjsDSz","30","43",
"PO-2814","17592","5011987006713","lu7Jg3","330","425",
"PO-2814","17592","36DK0015","XTbGOK","60","75",
"PO-2814","17592","DJ151071","NxRomJ","130","142",
"PO-2814","17592","F002G40533EHG","AWGkTL","70","82",
"PO-2814","17592","DU0213","K7fcsl","30","40",
"PO-2815","17699","LUBE00006","SmeGdl","100","120",
"PO-2816","17700","DU0316","mUf9kA","280","300",
"PO-2816","17700","DU0305","Y7AfyS","50","60",
"PO-2817","null","390068","JSqi3E","656.2785","875",
"PO-2817","null","390068","hJPrRx","656.2785","875",
"PO-2817","null","390068","xaoaHB","656.2785","875",
"PO-2817","null","390068","vuw89b","656.2785","875",
"PO-2817","null","390068","JoFQAd","656.2785","875",
"PO-2817","null","390068","Cg9LME","656.2785","875",
"PO-2817","null","390068","1bI2VP","656.2785","875",
"PO-2817","null","390068","ATK78g","656.2785","875",
"PO-2817","null","390068","CmlsLW","656.2785","875",
"PO-2817","null","390068","r0RncP","656.2785","875",
"PO-2817","null","390068","CAvkl9","656.2785","875",
"PO-2817","null","390068","lBHomr","656.2785","875",
"PO-2817","null","390068","dgOJF7","656.2785","875",
"PO-2817","null","390068","dFEm4J","656.2785","875",
"PO-2817","null","390068","lWo9Mm","656.2785","875",
"PO-2817","null","390068","bF84gE","656.2785","875",
"PO-2817","null","390068","NU0x1w","656.2785","875",
"PO-2817","null","390068","79AmYS","656.2785","875",
"PO-2817","null","390068","JpbGLv","656.2785","875",
"PO-2817","null","390068","bv9CiX","656.2785","875",
"PO-2817","null","597457","yjeN3o","1367","1667",
"PO-2817","null","597463","nSQBui","1467","1790",
"PO-2817","null","801479","Vra6Ba","814.295","993",
"PO-2817","null","801479","ne52UK","814.295","993",
"PO-2817","null","888337","QAaHQB","206.6488","252",
"PO-2817","null","888337","It5te5","206.6488","252",
"PO-2817","null","888337","70ehfn","206.6488","252",
"PO-2817","null","888337","IByAG5","206.6488","252",
"PO-2817","null","888337","ganed8","206.6488","252",
"PO-2817","null","888337","KYvVwd","206.6488","252",
"PO-2817","null","888337","SXyaN5","206.6488","252",
"PO-2817","null","888337","USpW1g","206.6488","252",
"PO-2817","null","888337","mHCEec","206.6488","252",
"PO-2817","null","888337","Nxl6jv","206.6488","252",
"PO-2817","null","888337","C5x772","206.6488","252",
"PO-2817","null","888337","EuUjv7","206.6488","252",
"PO-2817","null","888337","TOd1or","206.6488","252",
"PO-2817","null","888337","1iis4z","206.6488","252",
"PO-2817","null","888337","tp5yx9","206.6488","252",
"PO-2817","null","888337","HoMql0","206.6488","252",
"PO-2817","null","888337","VU8X0x","206.6488","252",
"PO-2817","null","888337","C0Smgz","206.6488","252",
"PO-2817","null","888337","KSB3Ku","206.6488","252",
"PO-2817","null","888337","yYPN4J","206.6488","252",
"PO-2817","null","888337","k3imOD","206.6488","252",
"PO-2817","null","888337","IMSkey","206.6488","252",
"PO-2817","null","888337","Uu6Sn8","206.6488","252",
"PO-2817","null","888337","FGK0N1","206.6488","252",
"PO-2817","null","888337","NTSDZk","206.6488","252",
"PO-2817","null","888414","Zofkv1","76.26325","93",
"PO-2817","null","888414","7oTP7y","76.26325","93",
"PO-2817","null","888414","IgkGr9","76.26325","93",
"PO-2817","null","888414","PqHgT2","76.26325","93",
"PO-2817","null","888414","Bjofwv","76.26325","93",
"PO-2817","null","888414","jvcXYS","76.26325","93",
"PO-2817","null","888414","hioqZr","76.26325","93",
"PO-2817","null","888414","ddIERF","76.26325","93",
"PO-2817","null","888414","MeMqg4","76.26325","93",
"PO-2817","null","888414","wHoskp","76.26325","93",
"PO-2817","null","888414","Opu2Cx","76.26325","93",
"PO-2817","null","888414","IMGlxP","76.26325","93",
"PO-2817","null","888414","Kjn6jm","76.26325","93",
"PO-2817","null","888414","80Uhk7","76.26325","93",
"PO-2817","null","888414","W793Kq","76.26325","93",
"PO-2817","null","888414","t1O841","76.26325","93",
"PO-2817","null","888414","ouQv9r","76.26325","93",
"PO-2817","null","888414","yBWbuL","76.26325","93",
"PO-2817","null","888414","cEsGZi","76.26325","93",
"PO-2817","null","888414","pwSCg8","76.26325","93",
"PO-2817","null","888414","b3fVRn","76.26325","93",
"PO-2817","null","888414","eE0arr","76.26325","93",
"PO-2817","null","888414","sTmG30","76.26325","93",
"PO-2817","null","888414","ZEUc20","76.26325","93",
"PO-2817","null","888414","XfND8T","76.26325","93",
"PO-2817","null","888414","lHkUY6","76.26325","93",
"PO-2817","null","888414","N5WQe4","76.26325","93",
"PO-2817","null","888414","GZaKzv","76.26325","93",
"PO-2817","null","888414","jcFWFj","76.26325","93",
"PO-2817","null","888414","IUhG0A","76.26325","93",
"PO-2817","null","888414","0vIe1v","76.26325","93",
"PO-2817","null","888414","NaCCX8","76.26325","93",
"PO-2817","null","888414","2A6VPS","76.26325","93",
"PO-2817","null","888414","ZwjEYH","76.26325","93",
"PO-2817","null","888414","LWCZV5","76.26325","93",
"PO-2817","null","888414","mpyHp3","76.26325","93",
"PO-2817","null","888414","bBmKS3","76.26325","93",
"PO-2817","null","888414","1gQEVu","76.26325","93",
"PO-2817","null","888414","fMLm7f","76.26325","93",
"PO-2817","null","888414","jro4ho","76.26325","93",
"PO-2817","null","143548/A","Sn7MOU","143.50633333","175",
"PO-2817","null","143548/A","B6FnV3","143.50633333","175",
"PO-2817","null","143548/A","SgGuDm","143.50633333","175",
"PO-2817","null","143548/A","s7bWHx","143.50633333","175",
"PO-2817","null","143548/A","dkAIoM","143.50633333","175",
"PO-2817","null","143548/A","nEwl0e","143.50633333","175",
"PO-2817","null","143548/A","uPHrqa","143.50633333","175",
"PO-2817","null","143548/A","zDNOZ2","143.50633333","175",
"PO-2817","null","143548/A","mMJxJe","143.50633333","175",
"PO-2817","null","143548/A","HKfMSq","143.50633333","175",
"PO-2817","null","143548/A","dPndvc","143.50633333","175",
"PO-2817","null","143548/A","a1Hqls","143.50633333","175",
"PO-2817","null","143548/A","KELTtM","143.50633333","175",
"PO-2817","null","143548/A","TVr9YB","143.50633333","175",
"PO-2817","null","143548/A","batTBM","143.50633333","175",
"PO-2817","null","143548/A","nETig4","143.50633333","175",
"PO-2817","null","143548/A","CLeAdX","143.50633333","175",
"PO-2817","null","143548/A","3UsNNE","143.50633333","175",
"PO-2817","null","143548/A","LYKC7d","143.50633333","175",
"PO-2817","null","143548/A","fOXQje","143.50633333","175",
"PO-2817","null","143548/A","iIPY5a","143.50633333","175",
"PO-2817","null","143548/A","4rs3tD","143.50633333","175",
"PO-2817","null","143548/A","NjlF9O","143.50633333","175",
"PO-2817","null","143548/A","1lcAQq","143.50633333","175",
"PO-2817","null","143548/A","pWE7dv","143.50633333","175",
"PO-2817","null","143548/A","VsJu2J","143.50633333","175",
"PO-2817","null","143548/A","BY1s1d","143.50633333","175",
"PO-2817","null","143548/A","Hq50GT","143.50633333","175",
"PO-2817","null","143548/A","JsiuAx","143.50633333","175",
"PO-2817","null","143548/A","V3TGfT","143.50633333","175",
"PO-2817","null","144471/A","cVOfNU","134.486","164",
"PO-2817","null","144471/A","0hTUmw","134.486","164",
"PO-2817","null","144471/A","MDkb4H","134.486","164",
"PO-2817","null","144471/A","IPvCtF","134.486","164",
"PO-2817","null","144471/A","t3iGNb","134.486","164",
"PO-2817","null","144471/A","NDAjtE","134.486","164",
"PO-2817","null","144471/A","d71VIN","134.486","164",
"PO-2817","null","144471/A","JkbrPg","134.486","164",
"PO-2817","null","144471/A","X1tzgS","134.486","164",
"PO-2817","null","144471/A","3oJ7y3","134.486","164",
"PO-2817","null","144471/A","L9vAMs","134.486","164",
"PO-2817","null","144471/A","EirVoN","134.486","164",
"PO-2817","null","144471/A","csmowj","134.486","164",
"PO-2817","null","144471/A","sUMTy9","134.486","164",
"PO-2817","null","144471/A","oF4vNR","134.486","164",
"PO-2817","null","144471/A","T7rPom","134.486","164",
"PO-2817","null","144471/A","MQFDiP","134.486","164",
"PO-2817","null","144471/A","e3FD1G","134.486","164",
"PO-2817","null","144471/A","td0OmS","134.486","164",
"PO-2817","null","144471/A","wyaUwH","134.486","164",
"PO-2817","null","571156/D","rjKCLa","79.543333333","97",
"PO-2817","null","571156/D","OjtJ8R","79.543333333","97",
"PO-2817","null","571156/D","u9gDTi","79.543333333","97",
"PO-2817","null","571156/D","DINNNx","79.543333333","97",
"PO-2817","null","571156/D","INHLkF","79.543333333","97",
"PO-2817","null","571156/D","cJBfu4","79.543333333","97",
"PO-2817","null","571156/D","uDwBOY","79.543333333","97",
"PO-2817","null","571156/D","8QW5yt","79.543333333","97",
"PO-2817","null","571156/D","1JSK9y","79.543333333","97",
"PO-2817","null","571156/D","kklrj5","79.543333333","97",
"PO-2817","null","571156/D","9aICla","79.543333333","97",
"PO-2817","null","571156/D","5HyjQa","79.543333333","97",
"PO-2817","null","571156/D","nm4RlK","79.543333333","97",
"PO-2817","null","571156/D","N8sttW","79.543333333","97",
"PO-2817","null","571156/D","ENipEE","79.543333333","97",
"PO-2817","null","573139/B","4jhS0V","374.755","457",
"PO-2817","null","573139/B","N0QPix","374.755","457",
"PO-2817","null","573139/B","9W1zXa","374.755","457",
"PO-2817","null","573139/B","6J0u2L","374.755","457",
"PO-2817","null","585925/A","107grC","1722.075","2100",
"PO-2817","null","585925/A","NeXqsQ","1722.075","2100",
"PO-2817","null","594715/A","MrELN0","232.89","284",
"PO-2817","null","594715/A","YS2NhB","232.89","284",
"PO-2817","null","594715/A","cpOR5B","232.89","284",
"PO-2817","null","594715/A","gWzSWK","232.89","284",
"PO-2817","null","594715/A","bL3Qrx","232.89","284",
"PO-2817","null","594715/A","5pykSe","232.89","284",
"PO-2817","null","594715/A","X6w6Nh","232.89","284",
"PO-2817","null","594715/A","xywFlU","232.89","284",
"PO-2817","null","594715/A","Ld4YsS","232.89","284",
"PO-2817","null","594715/A","wDEdZH","232.89","284",
"PO-2817","null","594715/A","OQuYuD","232.89","284",
"PO-2817","null","594715/A","Oajlqr","232.89","284",
"PO-2817","null","594715/A","6j1GpM","232.89","284",
"PO-2817","null","594715/A","e1FWeg","232.89","284",
"PO-2817","null","594715/A","I68YlG","232.89","284",
"PO-2817","null","594715/A","1iYKe9","232.89","284",
"PO-2817","null","594715/A","RJ7jY1","232.89","284",
"PO-2817","null","594715/A","pODjmz","232.89","284",
"PO-2817","null","594715/A","ufPa5p","232.89","284",
"PO-2817","null","594715/A","ANXP9S","232.89","284",
"PO-2819","17565","DU0207","54v1KY","220","245",
"PO-2820","17615","DU0175","tdeT32","251.5","288",
"PO-2820","17615","17210KVTD00","SpzoLL","174","199",
"PO-2820","17615","DU0206","Slfjxn","17.5","25",
"PO-2820","17615","DU0212","R5Nqna","83","96",
"PO-2820","17615","06430KWPD00","V4992V","205","235",
"PO-2821","17592","PETROLTAP1","vHL4y9","140","157",
"PO-2822","17158","DU0223","NjwxlN","10","15",
"PO-2822","17158","Tail Bulb 1","9qtheb","10","15",
"PO-2823","17687","3.50.10Tube","Ku0VF0","220","240",
"PO-2823","17687","DU0303","5Tp4Ik","100","160",
"PO-2824","17158","OTHER002","SxOEWD","70","100",
"PO-2826","17485","FXL0-XLTZ5","yvhJoR","1300","1509",
"PO-2827","17485","Washing","IQTzpG","100","150",
"PO-2828","17695","DK201003","UOwXvu","595","628",
"PO-2828","17695","DH73034M","zGS9cN","845","880",
"PO-2829","17641","DU0125","xVztGh","70","82",
"PO-2830","17641","DJ201102","usUknu","480","501",
"PO-2831","17485","SUBLET0020","Hl5vdJ","250","250",
"PO-2833","17485","SUBLET0020","mXfVLZ","250","250",
"PO-2834","17485","SUBLET0020","GGuwfy","400","500",
"PO-2835","17485","SUBLET0020","jFq9hi","500","500",
"PO-2836","17616","SUBLET0007","kR8uNW","250","450",
"PO-2836","17616","DU0191","ZwwInD","290","330",
"PO-2836","17616","Washing","64N05C","100","150",
"PO-2836","17616","DU0066","1u6Rnv","110","124",
"PO-2836","17616","DU0187","ZSEtRC","170","250",
"PO-2836","17616","DU0187","0j4der","170","250",
"PO-2836","17616","DU0188","tOj3O5","90","105",
"PO-2836","17616","DU0188","K1X7ni","90","105",
"PO-2837","17682","SUBLET0019","2UyVUK","1","100",
"PO-2838","17616","21CE445000","knEZwV","200","215",
"PO-2838","17616","21CE344000","cKqhGN","200","215",
"PO-2838","17616","21CF536400","rQ9KdY","80","100",
"PO-2838","17616","BOSCHUR3DDC","RiJG5K","100","120",
"PO-2838","17616","SUBLET0007","sQg48w","250","450",
"PO-2839","17616","21CF611101","spFDHe","330","365",
"PO-2840","16708","DU0095","MzGmhu","15","17",
"PO-2840","16708","FOOTREST1","Tld4Yp","160","174",
"PO-2840","16708","Petrol","hjJi3p","100","100",
"PO-2841","16708","DV111001","nH7ujv","750","773",
"PO-2842","16708","JM181003","vN58Ap","650","689",
"PO-2844","null","KBRA4216","Xa8LQR","12","13",
"PO-2845","null","KBRA4216","JQKqa6","1","2",
"PO-2845","null","KBRA4216","MdFyds","1","2",
"PO-2845","null","KBRA4216","hkWmAl","1","2",
"PO-2845","null","KBRA4216","A6MlC1","1","2",
"PO-2845","null","KBRA4216","w07JQR","1","2",
"PO-2845","null","KBRA4216","nhgKVw","1","2",
"PO-2845","null","KBRA4216","PBvsAU","1","2",
"PO-2845","null","KBRA4216","a1Mxhz","1","2",
"PO-2845","null","KBRA4216","uzrpoI","1","2",
"PO-2845","null","KBRA4216","kCgkjA","1","2",
"PO-2846","null","DM0054","hMUTwF","1","2",
"PO-2847","null","DM0075","xH8w8B","1","2",
"PO-2847","null","DM0075","EchYQ8","1","2",
"PO-2847","null","DM0075","P8qGqv","1","2",
"PO-2847","null","DM0075","QjTiD3","1","2",
"PO-2847","null","DM0075","4TVXPH","1","2",
"PO-2847","null","DM0075","ehXVvJ","1","2",
"PO-2847","null","DM0075","Sntcb8","1","2",
"PO-2847","null","DM0075","0iD4bp","1","2",
"PO-2847","null","DM0075","6ENw5D","1","2",
"PO-2847","null","DM0075","UgBpDo","1","2",
"PO-2847","null","DM0075","lzpkVx","1","2",
"PO-2847","null","DM0075","FdMYEj","1","2",
"PO-2847","null","DM0075","9O1mPl","1","2",
"PO-2847","null","DM0075","2K9WCG","1","2",
"PO-2847","null","DM0075","ChKP1V","1","2",
"PO-2847","null","DM0075","lCJc5J","1","2",
"PO-2847","null","DM0075","qaCckW","1","2",
"PO-2847","null","DM0075","wWHEki","1","2",
"PO-2847","null","DM0075","hyaoIo","1","2",
"PO-2847","null","DM0075","a67Bld","1","2",
"PO-2847","null","DM0075","Tmhyvv","1","2",
"PO-2847","null","DM0075","OvGppW","1","2",
"PO-2847","null","DM0075","YXqR3m","1","2",
"PO-2847","null","DM0075","gYEiRR","1","2",
"PO-2847","null","DM0075","3vyqn2","1","2",
"PO-2847","null","DM0085","2ysTmk","1","2",
"PO-2847","null","DM0085","Cns49d","1","2",
"PO-2847","null","DM0085","964eI2","1","2",
"PO-2847","null","DM0085","kk85bG","1","2",
"PO-2847","null","DM0085","8zMtKd","1","2",
"PO-2847","null","DM0085","wyXgPt","1","2",
"PO-2847","null","DM0085","0o6xK8","1","2",
"PO-2847","null","DM0085","Iv9O1Y","1","2",
"PO-2847","null","DM0085","HRLTc0","1","2",
"PO-2847","null","DM0085","18cKAJ","1","2",
"PO-2847","null","DM0085","rYZk5q","1","2",
"PO-2847","null","DM0085","7JRHIc","1","2",
"PO-2847","null","DM0085","oOq9PU","1","2",
"PO-2847","null","DM0085","EbV9K4","1","2",
"PO-2847","null","DM0085","w4hcFs","1","2",
"PO-2847","null","DM0085","0odtGH","1","2",
"PO-2847","null","DM0085","F78TuJ","1","2",
"PO-2847","null","DM0085","Ya3FLK","1","2",
"PO-2847","null","DM0085","sAuSYK","1","2",
"PO-2847","null","DM0085","KoR4zp","1","2",
"PO-2847","null","DM0085","KOJyMQ","1","2",
"PO-2847","null","DM0085","Qjm1ql","1","2",
"PO-2847","null","DM0085","3dcZcl","1","2",
"PO-2847","null","DM0085","MtYcWr","1","2",
"PO-2847","null","DM0085","DIO6W0","1","2",
"PO-2847","null","DM0085","BnedlF","1","2",
"PO-2847","null","DM0085","APsGjc","1","2",
"PO-2847","null","DM0085","ImO99P","1","2",
"PO-2847","null","DM0085","dk5ii5","1","2",
"PO-2847","null","DM0085","jNxyiL","1","2",
"PO-2847","null","DM0085","ZNuw9S","1","2",
"PO-2847","null","DM0085","QgHEK6","1","2",
"PO-2847","null","DM0085","gLVnKc","1","2",
"PO-2847","null","DM0085","F47ZB9","1","2",
"PO-2847","null","DM0085","1J1hDn","1","2",
"PO-2847","null","DM0085","r4doq7","1","2",
"PO-2847","null","DM0085","qU9mzb","1","2",
"PO-2847","null","DM0085","YUsiEH","1","2",
"PO-2847","null","DM0085","YQdgUx","1","2",
"PO-2847","null","DM0085","KSEpcl","1","2",
"PO-2847","null","DM0085","Us2en6","1","2",
"PO-2847","null","DM0085","adoSSq","1","2",
"PO-2847","null","DM0085","tQVo2G","1","2",
"PO-2847","null","DM0085","WP2ffQ","1","2",
"PO-2847","null","DM0085","61PRDZ","1","2",
"PO-2848","17663","21CE445000","6XsNdi","1","2",
"PO-2848","17663","21CE344000","xx2kXr","1","2",
"PO-2848","17663","BOSCHUR5DDC","MDxQgm","1","2",
"PO-2849","17709","F002G40093EHG","x7lyZt","1","2",
"PO-2849","17709","F002G40093EHG","1TeRrG","1","1",
"PO-2850","null","0986AB70008F8","6m4Hxk","1","2",
"PO-2850","null","0986AB70008F8","M0Ai57","1","2",
"PO-2850","null","DM0028","MwMdab","1","2",
"PO-2850","null","DM0028","T4Q3G8","1","2",
"PO-2850","null","DM0028","vj9A2W","1","2",
"PO-2851","null","DM0075","N86q8R","1","2",
"PO-2851","null","DM0075","1Xkj3U","1","2",
